Round,Accuracy,Loss,Precision,Recall,F1-Score,Communication_Cost,Class_0_Accuracy,Class_1_Accuracy,Class_2_Accuracy,Class_3_Accuracy,Class_4_Accuracy,Class_5_Accuracy,Class_6_Accuracy,Class_7_Accuracy,Confusion_Matrix
1,29.322429906542055,2.314909091702214,0.21050634462733564,0.2384159112962393,0.16138906872610284,18655396,0.0,0.0,1.2903225806451613,99.6551724137931,0.0,0.0,0.0,89.7872340425532,"[[0, 0, 0, 122, 0, 0, 0, 0], [0, 0, 0, 312, 0, 0, 0, 0], [0, 0, 2, 151, 0, 0, 0, 2], [0, 1, 0, 289, 0, 0, 0, 0], [0, 0, 0, 122, 0, 0, 0, 0], [0, 0, 0, 143, 0, 0, 0, 0], [0, 0, 0, 333, 0, 0, 0, 0], [0, 0, 2, 22, 0, 0, 0, 211]]"
2,18.22429906542056,4.190282486103199,0.0227803738317757,0.125,0.038537549407114624,38745824,0.0,100.0,0.0,0.0,0.0,0.0,0.0,0.0,"[[0, 122, 0, 0, 0, 0, 0, 0], [0, 312, 0, 0, 0, 0, 0, 0], [0, 155, 0, 0, 0, 0, 0, 0], [0, 290, 0, 0, 0, 0, 0, 0], [0, 122, 0, 0, 0, 0, 0, 0], [0, 143, 0, 0, 0, 0, 0, 0], [0, 333, 0, 0, 0, 0, 0, 0], [0, 235, 0, 0, 0, 0, 0, 0]]"
3,27.686915887850468,1.8803473313649495,0.19491521398968212,0.27056595355917296,0.17002647184636008,58836254,0.0,0.0,94.19354838709677,73.44827586206897,0.0,0.0,0.3003003003003003,48.51063829787234,"[[0, 0, 21, 99, 0, 0, 2, 0], [0, 0, 53, 257, 0, 0, 2, 0], [0, 0, 146, 8, 0, 0, 0, 1], [0, 0, 73, 213, 0, 0, 4, 0], [0, 0, 119, 3, 0, 0, 0, 0], [0, 0, 3, 140, 0, 0, 0, 0], [0, 0, 294, 38, 0, 0, 1, 0], [0, 0, 121, 0, 0, 0, 0, 114]]"
4,20.735981308411215,2.0409515191007546,0.07199152934447052,0.162316715542522,0.08633608921990013,77491653,0.0,100.0,2.5806451612903225,0.0,0.0,27.27272727272727,0.0,0.0,"[[0, 104, 0, 0, 0, 18, 0, 0], [0, 312, 0, 0, 0, 0, 0, 0], [0, 125, 4, 0, 0, 2, 24, 0], [0, 230, 0, 0, 0, 60, 0, 0], [0, 122, 0, 0, 0, 0, 0, 0], [0, 104, 0, 0, 0, 39, 0, 0], [0, 333, 0, 0, 0, 0, 0, 0], [0, 47, 181, 0, 0, 0, 7, 0]]"
5,33.41121495327103,1.6720935415338587,0.21633161650607452,0.30013511051549435,0.21952523142265412,99017115,0.0,0.641025641025641,20.0,94.48275862068965,25.40983606557377,0.0,0.0,99.57446808510639,"[[0, 1, 0, 119, 2, 0, 0, 0], [0, 2, 0, 306, 0, 0, 0, 4], [1, 6, 31, 21, 9, 0, 0, 87], [0, 7, 2, 274, 5, 0, 0, 2], [0, 3, 24, 62, 31, 0, 0, 2], [0, 0, 0, 142, 0, 0, 0, 1], [0, 77, 16, 163, 26, 0, 0, 51], [0, 0, 1, 0, 0, 0, 0, 234]]"
6,22.371495327102803,1.8005456924438477,0.08729192046313962,0.22417365347693213,0.11663975721968534,113367423,95.90163934426229,56.41025641025641,0.0,0.0,0.0,0.0,27.027027027027028,0.0,"[[117, 5, 0, 0, 0, 0, 0, 0], [131, 176, 0, 0, 0, 0, 5, 0], [15, 9, 0, 0, 0, 0, 131, 0], [246, 34, 0, 0, 0, 0, 10, 0], [44, 33, 0, 0, 0, 0, 45, 0], [140, 3, 0, 0, 0, 0, 0, 0], [11, 232, 0, 0, 0, 0, 90, 0], [0, 0, 0, 0, 0, 0, 235, 0]]"
7,24.707943925233646,2.9352631833818226,0.115307911908646,0.22804799135791906,0.10860098908874355,127717730,0.0,4.807692307692308,79.35483870967742,98.27586206896551,0.0,0.0,0.0,0.0,"[[0, 0, 0, 122, 0, 0, 0, 0], [0, 15, 2, 295, 0, 0, 0, 0], [0, 0, 123, 32, 0, 0, 0, 0], [0, 0, 5, 285, 0, 0, 0, 0], [0, 0, 32, 90, 0, 0, 0, 0], [0, 0, 0, 143, 0, 0, 0, 0], [0, 20, 54, 259, 0, 0, 0, 0], [0, 1, 234, 0, 0, 0, 0, 0]]"
8,32.47663551401869,2.3826847208870783,0.13577852252268566,0.2601032832415811,0.16235312106378885,144938096,0.0,98.71794871794873,0.0,0.0,0.0,9.79020979020979,0.0,99.57446808510639,"[[0, 110, 0, 0, 0, 12, 0, 0], [0, 308, 0, 0, 0, 0, 0, 4], [0, 48, 0, 0, 0, 1, 0, 106], [0, 249, 0, 0, 0, 41, 0, 0], [0, 109, 0, 0, 0, 0, 0, 13], [0, 129, 0, 0, 0, 14, 0, 0], [0, 324, 0, 0, 0, 0, 0, 9], [0, 1, 0, 0, 0, 0, 0, 234]]"
9,38.55140186915888,1.2630150549941592,0.33902402937569376,0.3130163557190928,0.22513512442231132,159288401,0.0,63.46153846153846,81.93548387096774,9.655172413793103,0.0,4.895104895104895,89.1891891891892,1.276595744680851,"[[0, 99, 4, 12, 0, 2, 5, 0], [0, 198, 6, 6, 0, 0, 102, 0], [0, 10, 127, 5, 0, 0, 13, 0], [0, 161, 21, 28, 0, 29, 51, 0], [0, 5, 97, 12, 0, 0, 8, 0], [0, 111, 1, 23, 0, 7, 1, 0], [0, 8, 28, 0, 0, 0, 297, 0], [0, 0, 231, 0, 0, 0, 1, 3]]"
10,62.441588785046726,1.0309947221367448,0.4977465854708229,0.6198815807366811,0.5221751606941499,175073736,0.0,87.82051282051282,75.48387096774194,0.0,87.70491803278688,95.1048951048951,84.68468468468468,65.1063829787234,"[[0, 4, 0, 0, 20, 98, 0, 0], [0, 274, 0, 0, 5, 20, 13, 0], [0, 0, 117, 0, 26, 7, 4, 1], [0, 22, 4, 0, 55, 182, 27, 0], [0, 0, 12, 0, 107, 2, 1, 0], [0, 4, 1, 0, 0, 136, 2, 0], [0, 13, 13, 0, 24, 1, 282, 0], [0, 0, 81, 0, 0, 0, 1, 153]]"
11,52.570093457943926,1.218065780621988,0.4748063058544634,0.5209078619932377,0.4416405433032956,196599194,82.78688524590164,96.47435897435898,11.612903225806452,37.24137931034483,89.34426229508196,0.0,30.33033033033033,68.93617021276596,"[[101, 2, 0, 7, 12, 0, 0, 0], [4, 301, 0, 2, 3, 0, 2, 0], [8, 1, 18, 6, 110, 0, 12, 0], [112, 28, 0, 108, 41, 0, 1, 0], [6, 0, 0, 7, 109, 0, 0, 0], [74, 6, 0, 62, 1, 0, 0, 0], [2, 165, 0, 3, 62, 0, 101, 0], [0, 0, 44, 0, 2, 0, 27, 162]]"
12,53.73831775700935,1.1606402275738892,0.4421188989474073,0.42858649284428224,0.3635672582432281,212384531,0.0,71.47435897435898,85.80645161290322,90.6896551724138,0.0,0.0,79.57957957957959,15.319148936170212,"[[0, 0, 3, 119, 0, 0, 0, 0], [0, 223, 0, 83, 0, 0, 6, 0], [0, 0, 133, 16, 0, 0, 5, 1], [0, 1, 19, 263, 0, 0, 7, 0], [0, 0, 73, 49, 0, 0, 0, 0], [0, 1, 1, 140, 0, 0, 1, 0], [0, 5, 36, 27, 0, 0, 265, 0], [0, 0, 198, 0, 0, 0, 1, 36]]"
13,61.56542056074766,0.9523189410015389,0.5612890735168778,0.6148607649134712,0.5246816932046615,233909991,21.311475409836063,97.11538461538461,23.225806451612904,0.0,92.62295081967213,97.2027972027972,61.261261261261254,99.14893617021276,"[[26, 3, 0, 0, 14, 79, 0, 0], [4, 303, 0, 0, 1, 3, 1, 0], [2, 0, 36, 0, 56, 9, 3, 49], [25, 16, 2, 0, 43, 192, 12, 0], [2, 1, 0, 0, 113, 6, 0, 0], [1, 1, 1, 0, 0, 139, 1, 0], [3, 93, 3, 0, 26, 3, 204, 1], [0, 0, 1, 0, 1, 0, 0, 233]]"
14,66.58878504672897,0.8416638208760155,0.5961643334189981,0.6216768201256948,0.5426353612670591,255435450,9.01639344262295,91.34615384615384,90.32258064516128,0.0,20.491803278688526,97.2027972027972,97.8978978978979,91.06382978723404,"[[11, 1, 3, 0, 8, 94, 5, 0], [7, 285, 0, 0, 1, 3, 16, 0], [0, 0, 140, 0, 0, 8, 6, 1], [2, 2, 34, 0, 4, 193, 55, 0], [0, 0, 86, 0, 25, 6, 5, 0], [0, 0, 2, 0, 0, 139, 2, 0], [0, 2, 2, 0, 0, 3, 326, 0], [0, 0, 21, 0, 0, 0, 0, 214]]"
15,60.86448598130841,0.8876868629897082,0.636166319792999,0.6378329844092994,0.5754996835678019,276960906,71.31147540983606,98.07692307692307,40.64516129032258,7.586206896551724,77.8688524590164,80.41958041958041,39.03903903903904,95.31914893617022,"[[87, 8, 0, 2, 3, 21, 1, 0], [3, 306, 0, 2, 0, 1, 0, 0], [7, 0, 63, 4, 55, 4, 15, 7], [88, 38, 0, 22, 13, 119, 10, 0], [18, 1, 0, 8, 95, 0, 0, 0], [20, 2, 1, 5, 0, 115, 0, 0], [1, 194, 1, 1, 4, 2, 130, 0], [0, 0, 9, 0, 1, 0, 1, 224]]"
16,69.39252336448598,0.7489612621289713,0.6595470068428202,0.7049135683285145,0.6269598663733928,298486365,54.91803278688525,91.02564102564102,47.096774193548384,0.6896551724137931,90.1639344262295,96.5034965034965,84.38438438438438,99.14893617021276,"[[67, 1, 0, 0, 16, 38, 0, 0], [20, 284, 0, 0, 2, 2, 3, 1], [0, 0, 73, 0, 31, 8, 5, 38], [32, 0, 5, 2, 52, 184, 15, 0], [3, 0, 4, 3, 110, 2, 0, 0], [3, 0, 1, 0, 0, 138, 1, 0], [4, 5, 9, 0, 28, 5, 281, 1], [0, 0, 2, 0, 0, 0, 0, 233]]"
17,61.098130841121495,1.1382697533678126,0.5759639012824362,0.5221763339224104,0.4966235324028243,317141764,0.0,57.692307692307686,83.22580645161291,94.13793103448276,22.950819672131146,0.0,61.86186186186187,97.87234042553192,"[[0, 0, 0, 120, 2, 0, 0, 0], [1, 180, 1, 128, 0, 0, 2, 0], [0, 0, 129, 18, 0, 0, 2, 6], [0, 0, 14, 273, 2, 0, 1, 0], [0, 0, 44, 50, 28, 0, 0, 0], [0, 0, 2, 141, 0, 0, 0, 0], [0, 0, 43, 80, 4, 0, 206, 0], [0, 0, 5, 0, 0, 0, 0, 230]]"
18,61.44859813084112,1.3531357888822202,0.5542562357788862,0.5322363902361047,0.4904671244258223,332927101,31.147540983606557,97.75641025641025,58.70967741935483,0.0,0.819672131147541,40.55944055944056,98.49849849849849,98.29787234042553,"[[38, 68, 0, 0, 1, 5, 10, 0], [0, 305, 0, 0, 0, 0, 7, 0], [2, 1, 91, 0, 0, 2, 48, 11], [18, 71, 0, 0, 0, 58, 143, 0], [0, 6, 6, 0, 1, 0, 109, 0], [16, 40, 1, 0, 0, 58, 28, 0], [0, 5, 0, 0, 0, 0, 328, 0], [0, 0, 4, 0, 0, 0, 0, 231]]"
19,66.5303738317757,0.847974768391362,0.6745508233017325,0.6894445340844323,0.6147926062592415,354452558,36.885245901639344,90.7051282051282,73.54838709677419,3.4482758620689653,90.98360655737704,97.2027972027972,65.16516516516516,93.61702127659575,"[[45, 1, 2, 0, 18, 56, 0, 0], [23, 283, 0, 0, 2, 2, 2, 0], [0, 0, 114, 1, 29, 6, 2, 3], [22, 0, 8, 10, 63, 183, 4, 0], [1, 0, 5, 4, 111, 1, 0, 0], [2, 0, 1, 0, 0, 139, 1, 0], [5, 22, 7, 2, 74, 6, 217, 0], [0, 0, 15, 0, 0, 0, 0, 220]]"
20,55.95794392523364,1.0918342305554285,0.6444795829584606,0.5546799987791095,0.5009156307214891,373107953,99.18032786885246,93.91025641025641,68.38709677419355,4.137931034482759,31.967213114754102,4.195804195804196,48.348348348348345,93.61702127659575,"[[121, 1, 0, 0, 0, 0, 0, 0], [18, 293, 0, 0, 0, 0, 1, 0], [18, 0, 106, 1, 22, 0, 5, 3], [250, 2, 2, 12, 5, 11, 8, 0], [79, 0, 3, 1, 39, 0, 0, 0], [131, 2, 1, 3, 0, 6, 0, 0], [32, 135, 1, 2, 2, 0, 161, 0], [0, 0, 15, 0, 0, 0, 0, 220]]"
21,64.3107476635514,1.0080627335442438,0.6292383766308227,0.5580325868537361,0.5392291401949749,390328323,0.0,41.66666666666667,66.45161290322581,84.13793103448276,60.65573770491803,1.3986013986013985,98.49849849849849,93.61702127659575,"[[0, 0, 0, 118, 3, 0, 1, 0], [0, 130, 1, 96, 0, 2, 83, 0], [0, 0, 103, 16, 10, 0, 24, 2], [0, 0, 1, 244, 8, 1, 36, 0], [0, 0, 8, 36, 74, 0, 4, 0], [0, 0, 1, 139, 0, 2, 1, 0], [0, 0, 0, 5, 0, 0, 328, 0], [0, 0, 14, 0, 0, 0, 1, 220]]"
22,53.095794392523366,1.0902119334097262,0.6795731557292413,0.5386074905426318,0.46907907340591637,410418753,98.36065573770492,97.11538461538461,52.25806451612903,0.6896551724137931,48.36065573770492,3.4965034965034967,32.732732732732735,97.87234042553192,"[[120, 2, 0, 0, 0, 0, 0, 0], [7, 303, 0, 0, 0, 0, 2, 0], [18, 1, 81, 0, 40, 0, 7, 8], [242, 25, 0, 2, 6, 9, 6, 0], [62, 0, 1, 0, 59, 0, 0, 0], [135, 2, 1, 0, 0, 5, 0, 0], [10, 213, 0, 0, 1, 0, 109, 0], [0, 0, 5, 0, 0, 0, 0, 230]]"
23,72.66355140186916,0.7095648629797829,0.6249439196816218,0.6882423820939972,0.6344326144660062,430509183,0.0,96.15384615384616,63.87096774193548,30.0,93.44262295081968,81.81818181818183,93.3933933933934,91.91489361702128,"[[0, 1, 0, 52, 28, 41, 0, 0], [0, 300, 0, 7, 1, 0, 4, 0], [0, 0, 99, 5, 39, 4, 5, 3], [0, 3, 3, 87, 52, 120, 25, 0], [0, 0, 3, 5, 114, 0, 0, 0], [0, 0, 1, 24, 0, 117, 1, 0], [0, 5, 0, 2, 13, 2, 311, 0], [0, 0, 19, 0, 0, 0, 0, 216]]"
24,77.45327102803738,0.6043557971715927,0.7497063523830798,0.7102849195179433,0.7007001105920928,452034640,51.63934426229508,94.87179487179486,69.03225806451613,73.79310344827587,82.78688524590164,7.6923076923076925,93.09309309309309,95.31914893617022,"[[63, 1, 0, 48, 10, 0, 0, 0], [12, 296, 0, 1, 0, 0, 3, 0], [0, 0, 107, 14, 22, 0, 9, 3], [23, 1, 2, 214, 19, 8, 23, 0], [6, 0, 6, 9, 101, 0, 0, 0], [2, 0, 1, 128, 0, 11, 1, 0], [2, 12, 0, 4, 5, 0, 310, 0], [0, 0, 11, 0, 0, 0, 0, 224]]"
25,64.19392523364486,1.0234045176594346,0.6562230356310582,0.5285675633222338,0.4741572295680762,472125070,0.0,79.16666666666666,93.54838709677419,85.86206896551725,0.819672131147541,1.3986013986013985,75.67567567567568,86.38297872340426,"[[0, 0, 10, 112, 0, 0, 0, 0], [0, 247, 1, 57, 0, 1, 6, 0], [0, 0, 145, 8, 0, 0, 1, 1], [0, 0, 39, 249, 0, 1, 1, 0], [0, 0, 108, 13, 1, 0, 0, 0], [0, 0, 2, 139, 0, 2, 0, 0], [0, 0, 44, 37, 0, 0, 252, 0], [0, 0, 32, 0, 0, 0, 0, 203]]"
26,71.96261682242991,0.7519427554474937,0.7195462394752397,0.7227914760696942,0.6559982112449588,490780466,70.49180327868852,98.71794871794873,58.70967741935483,2.7586206896551726,95.08196721311475,64.33566433566433,90.69069069069069,97.44680851063829,"[[86, 9, 0, 0, 16, 10, 1, 0], [0, 308, 0, 1, 1, 0, 2, 0], [3, 0, 91, 0, 42, 3, 10, 6], [69, 46, 0, 8, 42, 88, 37, 0], [4, 2, 0, 0, 116, 0, 0, 0], [43, 5, 1, 1, 0, 92, 1, 0], [0, 29, 0, 0, 2, 0, 302, 0], [0, 0, 6, 0, 0, 0, 0, 229]]"
27,68.75,0.7537425739897622,0.7110270773434932,0.6571558582447153,0.6327693336671876,508000830,52.459016393442624,98.07692307692307,69.6774193548387,72.41379310344827,86.88524590163934,4.195804195804196,44.14414414414414,97.87234042553192,"[[64, 2, 0, 41, 15, 0, 0, 0], [3, 306, 0, 1, 1, 0, 1, 0], [0, 0, 108, 12, 22, 0, 3, 10], [17, 13, 6, 210, 32, 5, 7, 0], [2, 0, 7, 7, 106, 0, 0, 0], [4, 2, 1, 130, 0, 6, 0, 0], [0, 167, 3, 7, 9, 0, 147, 0], [0, 0, 5, 0, 0, 0, 0, 230]]"
28,73.59813084112149,0.6420192061750977,0.7271565627350502,0.6397149992276604,0.6073368513951148,526656229,0.0,91.98717948717949,66.45161290322581,89.65517241379311,81.14754098360656,0.6993006993006993,84.38438438438438,97.44680851063829,"[[0, 0, 0, 109, 13, 0, 0, 0], [10, 287, 0, 12, 1, 0, 2, 0], [0, 0, 103, 16, 26, 0, 4, 6], [2, 0, 2, 260, 21, 0, 5, 0], [0, 0, 2, 21, 99, 0, 0, 0], [0, 0, 1, 140, 0, 1, 1, 0], [0, 5, 2, 32, 13, 0, 281, 0], [0, 0, 6, 0, 0, 0, 0, 229]]"
29,61.799065420560744,0.9591777837938733,0.7050403368409504,0.6227910827267338,0.575026528096055,543876597,96.72131147540983,97.43589743589743,63.87096774193548,3.4482758620689653,57.377049180327866,24.475524475524477,59.15915915915916,95.74468085106383,"[[118, 2, 0, 0, 1, 0, 1, 0], [7, 304, 0, 0, 0, 0, 1, 0], [12, 0, 99, 1, 23, 2, 13, 5], [198, 23, 1, 10, 5, 31, 22, 0], [48, 1, 2, 1, 70, 0, 0, 0], [105, 2, 1, 0, 0, 35, 0, 0], [4, 131, 0, 0, 0, 1, 197, 0], [0, 0, 10, 0, 0, 0, 0, 225]]"
30,67.99065420560747,0.8784609475621471,0.6752997845971047,0.6897522443262442,0.6267442568812209,562531995,41.80327868852459,68.26923076923077,59.354838709677416,1.0344827586206897,95.08196721311475,88.81118881118881,100.0,97.44680851063829,"[[51, 0, 0, 1, 27, 41, 2, 0], [16, 213, 0, 0, 1, 2, 80, 0], [1, 0, 92, 0, 30, 4, 22, 6], [13, 0, 1, 3, 47, 137, 89, 0], [0, 0, 2, 1, 116, 0, 3, 0], [4, 0, 1, 3, 2, 127, 6, 0], [0, 0, 0, 0, 0, 0, 333, 0], [0, 0, 6, 0, 0, 0, 0, 229]]"
31,75.93457943925233,0.6327590362893211,0.7436953443915966,0.753215922072324,0.7222089665461848,576882299,46.72131147540984,92.3076923076923,92.25806451612904,31.724137931034484,68.85245901639344,92.3076923076923,86.48648648648648,91.91489361702128,"[[57, 0, 3, 16, 14, 32, 0, 0], [15, 288, 0, 4, 2, 0, 3, 0], [0, 0, 143, 1, 1, 6, 2, 2], [8, 0, 23, 92, 21, 137, 9, 0], [1, 0, 31, 6, 84, 0, 0, 0], [1, 0, 1, 9, 0, 132, 0, 0], [0, 1, 17, 14, 10, 3, 288, 0], [0, 0, 19, 0, 0, 0, 0, 216]]"
32,73.65654205607477,0.6683520818198169,0.6978268118013353,0.6276705182072981,0.6135772993682929,594102664,6.557377049180328,97.11538461538461,67.0967741935484,72.06896551724138,61.47540983606557,0.0,99.09909909909909,98.72340425531915,"[[8, 1, 0, 104, 8, 0, 1, 0], [2, 303, 0, 2, 0, 0, 5, 0], [0, 0, 104, 15, 5, 0, 21, 10], [0, 4, 1, 209, 8, 0, 68, 0], [0, 0, 8, 31, 75, 0, 8, 0], [0, 0, 1, 139, 0, 0, 3, 0], [0, 1, 0, 2, 0, 0, 330, 0], [0, 0, 3, 0, 0, 0, 0, 232]]"
33,69.45093457943925,0.8219720285247873,0.6301102569919528,0.6774537307901185,0.6291952342667736,612758061,87.70491803278688,96.47435897435898,70.3225806451613,60.0,78.68852459016394,0.0,53.453453453453456,95.31914893617022,"[[107, 1, 0, 9, 5, 0, 0, 0], [9, 301, 0, 2, 0, 0, 0, 0], [4, 0, 109, 11, 26, 0, 2, 3], [88, 3, 4, 174, 20, 0, 1, 0], [21, 0, 1, 4, 96, 0, 0, 0], [23, 0, 1, 118, 0, 0, 1, 0], [8, 96, 1, 19, 31, 0, 178, 0], [0, 0, 11, 0, 0, 0, 0, 224]]"
34,70.67757009345794,0.7320856871428313,0.6550185009112912,0.68212036686248,0.6255820913322663,627108367,0.819672131147541,85.25641025641025,85.80645161290322,14.13793103448276,71.31147540983606,98.6013986013986,96.996996996997,92.76595744680851,"[[1, 0, 1, 11, 13, 95, 1, 0], [11, 266, 0, 2, 1, 15, 17, 0], [0, 0, 133, 4, 2, 8, 6, 2], [0, 0, 10, 41, 14, 194, 31, 0], [0, 0, 18, 16, 87, 1, 0, 0], [0, 0, 1, 0, 0, 141, 1, 0], [0, 0, 1, 1, 3, 5, 323, 0], [0, 0, 17, 0, 0, 0, 0, 218]]"
35,75.35046728971963,0.5987478207658838,0.7404916772009613,0.7184032128247119,0.6815405947269593,642893703,7.377049180327869,94.87179487179486,79.35483870967742,28.27586206896552,73.77049180327869,96.5034965034965,96.69669669669669,97.87234042553192,"[[9, 0, 0, 20, 14, 78, 1, 0], [4, 296, 0, 3, 1, 3, 5, 0], [0, 0, 123, 9, 4, 7, 3, 9], [3, 0, 6, 82, 15, 168, 16, 0], [0, 0, 11, 21, 90, 0, 0, 0], [0, 0, 1, 3, 0, 138, 1, 0], [0, 0, 0, 6, 2, 3, 322, 0], [0, 0, 5, 0, 0, 0, 0, 230]]"
36,72.25467289719626,0.6644900474283431,0.7152063159299906,0.7088182463332757,0.6756362167315246,662984129,96.72131147540983,96.15384615384616,69.6774193548387,33.10344827586207,74.59016393442623,18.88111888111888,80.48048048048048,97.44680851063829,"[[118, 1, 0, 1, 2, 0, 0, 0], [10, 300, 0, 1, 0, 0, 1, 0], [7, 0, 108, 5, 21, 1, 6, 7], [133, 2, 7, 96, 16, 26, 10, 0], [26, 0, 4, 1, 91, 0, 0, 0], [64, 1, 1, 50, 0, 27, 0, 0], [8, 47, 0, 4, 6, 0, 268, 0], [0, 0, 6, 0, 0, 0, 0, 229]]"
37,77.57009345794393,0.5501192432862742,0.7599274736584369,0.7750631895104686,0.7306240421223447,684509587,63.934426229508205,96.7948717948718,67.0967741935484,18.275862068965516,94.26229508196722,83.91608391608392,97.8978978978979,97.87234042553192,"[[78, 0, 0, 3, 17, 23, 1, 0], [5, 302, 0, 1, 1, 0, 3, 0], [0, 0, 104, 2, 27, 4, 8, 10], [24, 1, 3, 53, 48, 119, 42, 0], [2, 0, 3, 1, 115, 0, 1, 0], [8, 0, 1, 12, 0, 120, 2, 0], [1, 2, 0, 1, 3, 0, 326, 0], [0, 0, 5, 0, 0, 0, 0, 230]]"
38,77.86214953271028,0.5244500134830121,0.7442976924950119,0.7180636884180815,0.7033259151357116,706035048,50.0,97.11538461538461,67.74193548387096,72.06896551724138,93.44262295081968,5.594405594405594,91.8918918918919,96.59574468085106,"[[61, 0, 0, 45, 16, 0, 0, 0], [6, 303, 0, 1, 1, 0, 1, 0], [0, 0, 105, 12, 27, 0, 5, 6], [9, 2, 4, 209, 37, 14, 15, 0], [1, 0, 2, 5, 114, 0, 0, 0], [1, 0, 1, 132, 0, 8, 1, 0], [0, 10, 0, 7, 10, 0, 306, 0], [0, 0, 8, 0, 0, 0, 0, 227]]"
39,75.11682242990655,0.6470635875507638,0.7719386646565851,0.753008120338954,0.700714933361483,726125471,53.278688524590166,92.3076923076923,60.0,10.0,97.54098360655738,92.3076923076923,99.09909909909909,97.87234042553192,"[[65, 0, 0, 1, 23, 31, 2, 0], [5, 288, 0, 1, 1, 0, 17, 0], [0, 0, 93, 0, 33, 5, 17, 7], [8, 2, 3, 29, 46, 140, 62, 0], [1, 0, 0, 1, 119, 0, 1, 0], [3, 0, 1, 4, 0, 132, 3, 0], [0, 0, 0, 1, 2, 0, 330, 0], [0, 0, 5, 0, 0, 0, 0, 230]]"
40,79.4392523364486,0.5146671577736184,0.7910428006320198,0.7910004717369654,0.7649558321803629,744780869,66.39344262295081,97.75641025641025,81.93548387096774,26.89655172413793,73.77049180327869,93.7062937062937,94.8948948948949,97.44680851063829,"[[81, 2, 0, 3, 4, 31, 1, 0], [3, 305, 0, 1, 0, 0, 3, 0], [0, 0, 127, 7, 5, 5, 4, 7], [15, 6, 6, 78, 13, 146, 26, 0], [6, 0, 16, 10, 90, 0, 0, 0], [1, 0, 1, 6, 0, 134, 1, 0], [1, 12, 0, 2, 1, 1, 316, 0], [0, 0, 6, 0, 0, 0, 0, 229]]"
41,72.7803738317757,0.6831218153238297,0.7221310007271516,0.7086309304740686,0.6834391205456675,763436267,81.14754098360656,66.66666666666666,63.2258064516129,60.3448275862069,88.52459016393442,18.181818181818183,90.09009009009009,98.72340425531915,"[[99, 0, 0, 12, 11, 0, 0, 0], [98, 208, 0, 2, 0, 0, 4, 0], [1, 0, 98, 9, 27, 1, 3, 16], [47, 0, 4, 175, 31, 26, 7, 0], [10, 0, 1, 3, 108, 0, 0, 0], [15, 0, 1, 101, 0, 26, 0, 0], [6, 0, 0, 13, 14, 0, 300, 0], [0, 0, 3, 0, 0, 0, 0, 232]]"
42,73.48130841121495,0.6593218981115906,0.7410038025310905,0.7103631117469329,0.6824743119838214,780656632,97.54098360655738,94.23076923076923,49.03225806451613,24.482758620689655,61.47540983606557,44.05594405594406,97.8978978978979,99.57446808510639,"[[119, 0, 0, 1, 1, 0, 1, 0], [14, 294, 0, 1, 0, 0, 3, 0], [6, 0, 76, 5, 16, 2, 10, 40], [115, 0, 1, 71, 6, 55, 42, 0], [44, 0, 1, 1, 75, 0, 1, 0], [51, 0, 1, 27, 0, 63, 1, 0], [2, 3, 0, 1, 1, 0, 326, 0], [0, 0, 1, 0, 0, 0, 0, 234]]"
43,70.21028037383178,0.7973694613686314,0.6043289510455041,0.6276888204315161,0.5876805699107581,797877001,0.0,91.98717948717949,92.25806451612904,72.75862068965517,77.8688524590164,4.895104895104895,78.97897897897897,83.40425531914893,"[[0, 0, 2, 96, 24, 0, 0, 0], [7, 287, 0, 13, 3, 0, 2, 0], [0, 0, 143, 8, 2, 0, 1, 1], [0, 0, 38, 211, 25, 15, 1, 0], [0, 0, 23, 4, 95, 0, 0, 0], [0, 0, 2, 134, 0, 7, 0, 0], [0, 0, 27, 31, 12, 0, 263, 0], [0, 0, 39, 0, 0, 0, 0, 196]]"
44,66.58878504672897,0.8397109122188003,0.6459944986415926,0.6445344289087256,0.6093212111117151,815097368,62.295081967213115,98.3974358974359,63.2258064516129,80.0,86.88524590163934,0.0,28.22822822822823,96.59574468085106,"[[76, 1, 0, 40, 5, 0, 0, 0], [4, 307, 0, 1, 0, 0, 0, 0], [1, 0, 98, 15, 33, 0, 4, 4], [27, 9, 1, 232, 15, 0, 6, 0], [6, 0, 0, 10, 106, 0, 0, 0], [5, 1, 1, 136, 0, 0, 0, 0], [2, 222, 0, 13, 2, 0, 94, 0], [0, 0, 8, 0, 0, 0, 0, 227]]"
45,75.11682242990655,0.5574271513356103,0.7113184124899361,0.6409911052659525,0.6301460429364242,835187796,4.098360655737705,91.02564102564102,72.90322580645162,92.41379310344827,59.83606557377049,0.6993006993006993,93.09309309309309,98.72340425531915,"[[5, 0, 0, 114, 3, 0, 0, 0], [9, 284, 0, 11, 0, 0, 8, 0], [0, 0, 113, 23, 2, 0, 5, 12], [0, 0, 2, 268, 5, 3, 12, 0], [0, 0, 7, 42, 73, 0, 0, 0], [0, 0, 1, 141, 0, 1, 0, 0], [0, 0, 0, 23, 0, 0, 310, 0], [0, 0, 3, 0, 0, 0, 0, 232]]"
46,74.88317757009345,0.587566551234987,0.7238379400225441,0.6758413198305853,0.6562460226998545,856713253,12.295081967213115,95.83333333333334,67.0967741935484,58.27586206896552,97.54098360655738,13.986013986013987,98.1981981981982,97.44680851063829,"[[15, 0, 0, 81, 22, 3, 1, 0], [5, 299, 0, 1, 1, 0, 6, 0], [0, 0, 104, 6, 30, 2, 8, 5], [1, 2, 3, 169, 41, 31, 43, 0], [0, 0, 0, 3, 119, 0, 0, 0], [0, 0, 1, 120, 0, 20, 2, 0], [0, 1, 0, 2, 3, 0, 327, 0], [0, 0, 6, 0, 0, 0, 0, 229]]"
47,70.32710280373831,0.7812385746726284,0.5897047290014867,0.5694088911376022,0.5165344833593436,871063558,0.0,93.26923076923077,89.6774193548387,93.10344827586206,3.278688524590164,0.0,87.68768768768768,88.51063829787233,"[[0, 0, 0, 121, 1, 0, 0, 0], [7, 291, 0, 12, 0, 0, 2, 0], [0, 0, 139, 13, 0, 0, 2, 1], [2, 0, 15, 270, 0, 1, 2, 0], [0, 0, 84, 34, 4, 0, 0, 0], [0, 0, 1, 142, 0, 0, 0, 0], [0, 1, 3, 37, 0, 0, 292, 0], [0, 0, 27, 0, 0, 0, 0, 208]]"
48,69.85981308411215,0.9442552140465489,0.7550365419438282,0.6984600166376254,0.6365658486614512,889718957,97.54098360655738,92.94871794871796,67.74193548387096,0.3448275862068966,74.59016393442623,36.36363636363637,95.1951951951952,94.04255319148936,"[[119, 0, 0, 0, 3, 0, 0, 0], [20, 290, 0, 0, 0, 0, 2, 0], [9, 0, 105, 0, 28, 4, 7, 2], [172, 1, 0, 1, 22, 61, 33, 0], [31, 0, 0, 0, 91, 0, 0, 0], [89, 0, 1, 0, 0, 52, 1, 0], [3, 8, 0, 0, 5, 0, 317, 0], [0, 0, 14, 0, 0, 0, 0, 221]]"
49,74.06542056074767,0.6716552398822926,0.6362733292393621,0.6759150528107349,0.6453203815237346,908374354,0.0,91.66666666666666,85.16129032258064,65.17241379310344,94.26229508196722,27.972027972027973,93.09309309309309,83.40425531914893,"[[0, 0, 0, 87, 28, 7, 0, 0], [5, 286, 0, 10, 2, 0, 9, 0], [0, 0, 132, 7, 11, 2, 2, 1], [0, 0, 9, 189, 34, 51, 7, 0], [0, 0, 4, 3, 115, 0, 0, 0], [0, 0, 1, 102, 0, 40, 0, 0], [0, 0, 0, 14, 9, 0, 310, 0], [0, 0, 39, 0, 0, 0, 0, 196]]"
50,79.26401869158879,0.5484984544692216,0.77566260208667,0.7812990534611293,0.7632580666209807,925594721,63.114754098360656,99.03846153846155,69.6774193548387,32.758620689655174,90.98360655737704,76.22377622377621,95.7957957957958,97.44680851063829,"[[77, 10, 0, 12, 13, 9, 1, 0], [0, 309, 0, 1, 0, 0, 2, 0], [0, 0, 108, 7, 17, 2, 14, 7], [17, 11, 1, 95, 23, 87, 56, 0], [2, 0, 2, 5, 111, 0, 2, 0], [5, 1, 1, 26, 0, 109, 1, 0], [0, 14, 0, 0, 0, 0, 319, 0], [0, 0, 6, 0, 0, 0, 0, 229]]"
51,62.324766355140184,1.0047667799172577,0.5750450538078865,0.523316852976922,0.47996487483099426,942815088,0.0,90.06410256410257,94.19354838709677,89.3103448275862,10.655737704918032,0.0,53.153153153153156,81.27659574468085,"[[0, 0, 1, 119, 2, 0, 0, 0], [5, 281, 0, 24, 0, 0, 2, 0], [0, 0, 146, 8, 0, 0, 0, 1], [0, 0, 29, 259, 1, 1, 0, 0], [0, 0, 83, 26, 13, 0, 0, 0], [0, 0, 2, 141, 0, 0, 0, 0], [0, 0, 30, 126, 0, 0, 177, 0], [0, 0, 44, 0, 0, 0, 0, 191]]"
52,73.83177570093459,0.6455389840735329,0.742296079614454,0.7428936881475099,0.6922753421850845,964340542,68.0327868852459,98.07692307692307,45.806451612903224,20.689655172413794,93.44262295081968,88.11188811188812,82.28228228228228,97.87234042553192,"[[83, 1, 0, 2, 11, 25, 0, 0], [4, 306, 0, 1, 0, 0, 1, 0], [1, 0, 71, 3, 56, 6, 8, 10], [40, 5, 2, 60, 37, 129, 17, 0], [8, 0, 0, 0, 114, 0, 0, 0], [11, 1, 1, 4, 0, 126, 0, 0], [2, 43, 0, 4, 10, 0, 274, 0], [0, 0, 5, 0, 0, 0, 0, 230]]"
53,73.65654205607477,0.6651261951084491,0.7529374710830095,0.7397334400135067,0.6901933979103037,982995938,94.26229508196722,92.62820512820514,70.96774193548387,13.448275862068964,82.78688524590164,46.85314685314685,93.3933933933934,97.44680851063829,"[[115, 0, 0, 1, 5, 1, 0, 0], [21, 289, 0, 0, 0, 0, 2, 0], [3, 0, 110, 2, 24, 5, 4, 7], [127, 0, 5, 39, 23, 77, 19, 0], [19, 0, 1, 1, 101, 0, 0, 0], [74, 0, 1, 0, 0, 67, 1, 0], [6, 7, 0, 2, 7, 0, 311, 0], [0, 0, 6, 0, 0, 0, 0, 229]]"
54,75.4088785046729,0.5788588634243718,0.6541832445516222,0.6530589838413625,0.6260438556762558,998781274,0.0,90.38461538461539,66.45161290322581,86.89655172413792,81.14754098360656,2.797202797202797,95.1951951951952,99.57446808510639,"[[0, 0, 0, 108, 14, 0, 0, 0], [3, 282, 0, 17, 0, 0, 10, 0], [0, 0, 103, 15, 7, 0, 2, 28], [0, 0, 4, 252, 14, 8, 12, 0], [0, 0, 3, 20, 99, 0, 0, 0], [0, 0, 2, 137, 0, 4, 0, 0], [0, 0, 2, 13, 1, 0, 317, 0], [0, 0, 1, 0, 0, 0, 0, 234]]"
55,81.01635514018692,0.5037500874863731,0.7847476380868689,0.8013810400094059,0.7845255583662512,1018871704,66.39344262295081,98.71794871794873,82.58064516129032,43.103448275862064,92.62295081967213,72.02797202797203,94.5945945945946,91.06382978723404,"[[81, 6, 0, 19, 10, 5, 1, 0], [1, 308, 0, 1, 0, 0, 2, 0], [0, 0, 128, 4, 15, 3, 4, 1], [14, 7, 5, 125, 32, 76, 31, 0], [3, 0, 3, 3, 113, 0, 0, 0], [3, 0, 1, 35, 0, 103, 1, 0], [0, 14, 0, 2, 2, 0, 315, 0], [0, 0, 21, 0, 0, 0, 0, 214]]"
56,80.0233644859813,0.5020724242484128,0.7803299868917883,0.8036464283595586,0.7646417438836274,1036092069,88.52459016393442,97.43589743589743,69.03225806451613,25.517241379310345,86.0655737704918,79.72027972027972,97.8978978978979,98.72340425531915,"[[108, 1, 0, 2, 4, 6, 1, 0], [5, 304, 0, 1, 0, 0, 2, 0], [1, 0, 107, 5, 17, 5, 7, 13], [55, 2, 4, 74, 19, 97, 39, 0], [13, 0, 1, 3, 105, 0, 0, 0], [16, 0, 1, 11, 0, 114, 1, 0], [0, 3, 0, 3, 1, 0, 326, 0], [0, 0, 3, 0, 0, 0, 0, 232]]"
57,45.5607476635514,1.6797608953935128,0.5530673000126272,0.46983405986064103,0.38590303705869694,1053312436,99.18032786885246,96.7948717948718,29.03225806451613,4.827586206896552,31.147540983606557,14.685314685314685,3.6036036036036037,96.59574468085106,"[[121, 1, 0, 0, 0, 0, 0, 0], [10, 302, 0, 0, 0, 0, 0, 0], [12, 10, 45, 1, 61, 2, 14, 10], [220, 10, 0, 14, 5, 33, 8, 0], [84, 0, 0, 0, 38, 0, 0, 0], [116, 2, 1, 3, 0, 21, 0, 0], [11, 310, 0, 0, 0, 0, 12, 0], [0, 3, 3, 0, 2, 0, 0, 227]]"
58,53.504672897196265,1.4515420364009008,0.4411501871755541,0.4494322858588414,0.39973862411221694,1069097769,0.0,60.89743589743589,95.48387096774194,76.89655172413794,0.0,0.0,59.45945945945946,66.80851063829788,"[[0, 0, 16, 106, 0, 0, 0, 0], [0, 190, 3, 96, 0, 0, 23, 0], [0, 0, 148, 6, 0, 0, 0, 1], [0, 0, 65, 223, 0, 1, 1, 0], [0, 0, 119, 3, 0, 0, 0, 0], [0, 0, 3, 140, 0, 0, 0, 0], [0, 0, 85, 50, 0, 0, 198, 0], [0, 0, 78, 0, 0, 0, 0, 157]]"
59,65.36214953271028,0.8887529996810136,0.6403646572203108,0.6173800050765366,0.5238269209611651,1083448074,84.42622950819673,98.3974358974359,9.67741935483871,11.03448275862069,95.08196721311475,4.195804195804196,92.7927927927928,98.29787234042553,"[[103, 3, 0, 0, 15, 0, 1, 0], [4, 307, 0, 0, 0, 0, 1, 0], [3, 1, 15, 1, 101, 1, 19, 14], [144, 20, 0, 32, 54, 9, 31, 0], [6, 0, 0, 0, 116, 0, 0, 0], [104, 2, 0, 29, 2, 6, 0, 0], [2, 18, 0, 0, 4, 0, 309, 0], [0, 0, 2, 0, 2, 0, 0, 231]]"
60,75.35046728971963,0.5949872103002336,0.7284354752874993,0.7152541386508003,0.6749922741464142,1102103472,1.639344262295082,97.75641025641025,77.41935483870968,37.93103448275862,81.14754098360656,94.4055944055944,93.3933933933934,88.51063829787233,"[[2, 0, 0, 33, 7, 79, 1, 0], [2, 305, 0, 2, 0, 0, 3, 0], [0, 0, 120, 9, 13, 5, 7, 1], [0, 3, 3, 110, 15, 141, 18, 0], [0, 0, 4, 19, 99, 0, 0, 0], [0, 0, 1, 7, 0, 135, 0, 0], [0, 10, 0, 11, 1, 0, 311, 0], [0, 0, 27, 0, 0, 0, 0, 208]]"
61,75.52570093457943,0.678836292690701,0.7525285051827817,0.7395443243050933,0.7098619246906261,1116453773,50.81967213114754,99.03846153846155,54.19354838709678,18.96551724137931,95.90163934426229,77.62237762237763,98.49849849849849,96.59574468085106,"[[62, 6, 0, 7, 11, 35, 1, 0], [0, 309, 0, 0, 0, 0, 3, 0], [0, 0, 84, 4, 31, 2, 30, 4], [9, 8, 0, 55, 29, 99, 90, 0], [3, 0, 0, 1, 117, 0, 1, 0], [5, 0, 1, 22, 0, 111, 4, 0], [0, 5, 0, 0, 0, 0, 328, 0], [0, 0, 8, 0, 0, 0, 0, 227]]"
62,49.76635514018692,1.5873823485992573,0.5989560003168874,0.4430091226473397,0.4025480801238998,1132239107,0.0,57.05128205128205,83.22580645161291,98.27586206896551,14.754098360655737,0.0,4.504504504504505,96.59574468085106,"[[0, 0, 0, 121, 1, 0, 0, 0], [0, 178, 0, 133, 0, 0, 1, 0], [0, 0, 129, 22, 0, 0, 0, 4], [0, 0, 4, 285, 1, 0, 0, 0], [0, 0, 39, 65, 18, 0, 0, 0], [0, 0, 0, 143, 0, 0, 0, 0], [0, 0, 2, 316, 0, 0, 15, 0], [0, 0, 8, 0, 0, 0, 0, 227]]"
63,64.1355140186916,0.9840056405023292,0.6332692840681431,0.6279372813649166,0.5826700797379897,1153764565,60.65573770491803,100.0,67.0967741935484,1.7241379310344827,81.14754098360656,20.27972027972028,73.57357357357357,97.87234042553192,"[[74, 43, 0, 0, 4, 0, 1, 0], [0, 312, 0, 0, 0, 0, 0, 0], [4, 2, 104, 0, 26, 1, 8, 10], [68, 116, 4, 5, 20, 43, 34, 0], [12, 9, 0, 0, 99, 0, 2, 0], [70, 35, 1, 6, 0, 29, 2, 0], [0, 88, 0, 0, 0, 0, 245, 0], [0, 0, 5, 0, 0, 0, 0, 230]]"
64,59.69626168224299,1.1254937593583707,0.6010276667865044,0.5858195907809551,0.5241672539652791,1168114869,0.0,33.01282051282051,89.6774193548387,17.24137931034483,40.98360655737705,97.9020979020979,95.7957957957958,94.04255319148936,"[[0, 0, 1, 6, 8, 107, 0, 0], [0, 103, 1, 16, 0, 58, 133, 1], [0, 0, 139, 3, 1, 8, 2, 2], [0, 0, 15, 50, 6, 196, 23, 0], [0, 0, 50, 16, 50, 6, 0, 0], [0, 0, 2, 1, 0, 140, 0, 0], [0, 0, 3, 9, 0, 2, 319, 0], [0, 0, 14, 0, 0, 0, 0, 221]]"
65,72.7803738317757,0.6500366269438355,0.7050410163656848,0.703995339588172,0.6612038950686235,1185335238,92.62295081967213,95.1923076923077,68.38709677419355,34.13793103448276,83.60655737704919,6.293706293706294,91.8918918918919,91.06382978723404,"[[113, 0, 0, 5, 4, 0, 0, 0], [10, 297, 0, 1, 0, 0, 4, 0], [5, 0, 106, 5, 31, 1, 5, 2], [140, 0, 1, 99, 25, 14, 11, 0], [19, 0, 0, 1, 102, 0, 0, 0], [101, 0, 1, 32, 0, 9, 0, 0], [3, 6, 0, 14, 4, 0, 306, 0], [0, 0, 21, 0, 0, 0, 0, 214]]"
66,67.05607476635514,0.8471758001380496,0.6920969271644001,0.6450511329318449,0.6138522981634171,1199685542,98.36065573770492,93.26923076923077,50.32258064516129,38.62068965517241,60.65573770491803,6.293706293706294,69.36936936936937,99.14893617021276,"[[120, 0, 0, 1, 1, 0, 0, 0], [20, 291, 0, 1, 0, 0, 0, 0], [6, 0, 78, 12, 25, 1, 2, 31], [151, 0, 2, 112, 8, 13, 4, 0], [47, 0, 0, 1, 74, 0, 0, 0], [76, 0, 1, 57, 0, 9, 0, 0], [31, 54, 0, 16, 1, 0, 231, 0], [0, 0, 2, 0, 0, 0, 0, 233]]"
67,80.8411214953271,0.4874452810596537,0.8048146238482417,0.7922565279054795,0.777373851381075,1218340940,65.57377049180327,98.3974358974359,56.12903225806451,40.0,89.34426229508196,86.7132867132867,98.49849849849849,99.14893617021276,"[[80, 1, 0, 14, 6, 20, 1, 0], [2, 307, 0, 1, 0, 0, 2, 0], [0, 0, 87, 8, 15, 4, 12, 29], [12, 2, 0, 116, 16, 105, 39, 0], [4, 0, 0, 9, 109, 0, 0, 0], [2, 0, 0, 16, 0, 124, 1, 0], [0, 2, 0, 3, 0, 0, 328, 0], [0, 0, 2, 0, 0, 0, 0, 233]]"
68,78.21261682242991,0.5559973289017324,0.7702137037307885,0.7867342528511401,0.7528632068565416,1239866397,93.44262295081968,94.55128205128204,62.58064516129033,34.82758620689655,85.24590163934425,72.02797202797203,87.98798798798799,98.72340425531915,"[[114, 1, 0, 4, 3, 0, 0, 0], [14, 295, 0, 1, 0, 0, 2, 0], [2, 0, 97, 8, 21, 4, 3, 20], [78, 0, 1, 101, 18, 81, 11, 0], [15, 0, 0, 3, 104, 0, 0, 0], [26, 0, 0, 14, 0, 103, 0, 0], [6, 17, 0, 12, 5, 0, 293, 0], [0, 0, 3, 0, 0, 0, 0, 232]]"
69,73.42289719626169,0.7030021802142814,0.7619723543352663,0.7264298753022962,0.6995285893863071,1254216701,97.54098360655738,96.47435897435898,72.25806451612902,24.137931034482758,57.377049180327866,51.048951048951054,85.28528528528528,97.02127659574468,"[[119, 1, 0, 2, 0, 0, 0, 0], [10, 301, 0, 0, 0, 0, 1, 0], [6, 0, 112, 6, 15, 3, 7, 6], [126, 2, 1, 70, 6, 67, 18, 0], [50, 0, 1, 1, 70, 0, 0, 0], [65, 0, 1, 4, 0, 73, 0, 0], [10, 36, 0, 3, 0, 0, 284, 0], [0, 0, 7, 0, 0, 0, 0, 228]]"
70,74.24065420560747,0.625834384450206,0.6542714195264758,0.6845770505969493,0.6432688550983082,1274307127,0.0,91.34615384615384,86.45161290322581,39.6551724137931,40.98360655737705,94.4055944055944,96.09609609609609,98.72340425531915,"[[0, 0, 2, 36, 9, 74, 1, 0], [4, 285, 0, 6, 0, 0, 17, 0], [0, 0, 134, 6, 0, 5, 2, 8], [0, 1, 16, 115, 5, 134, 19, 0], [0, 0, 50, 22, 50, 0, 0, 0], [0, 0, 2, 6, 0, 135, 0, 0], [0, 0, 2, 11, 0, 0, 320, 0], [0, 0, 3, 0, 0, 0, 0, 232]]"
71,78.09579439252336,0.597227956685755,0.7040093625361019,0.7397413952636109,0.7078653353893811,1294397556,93.44262295081968,96.47435897435898,79.35483870967742,69.3103448275862,72.1311475409836,0.0,86.18618618618619,94.8936170212766,"[[114, 0, 0, 7, 1, 0, 0, 0], [10, 301, 0, 1, 0, 0, 0, 0], [2, 0, 123, 19, 8, 0, 1, 2], [74, 0, 5, 201, 5, 1, 4, 0], [25, 0, 3, 6, 88, 0, 0, 0], [34, 0, 1, 108, 0, 0, 0, 0], [1, 9, 0, 36, 0, 0, 287, 0], [0, 0, 12, 0, 0, 0, 0, 223]]"
72,80.25700934579439,0.5274076136174025,0.7728621855631704,0.8109958653947928,0.764127783151308,1315923014,77.04918032786885,97.75641025641025,84.51612903225806,21.379310344827587,95.08196721311475,79.02097902097903,99.09909909909909,94.8936170212766,"[[94, 0, 0, 3, 17, 7, 1, 0], [4, 305, 0, 1, 0, 0, 2, 0], [0, 0, 131, 1, 13, 2, 6, 2], [30, 3, 15, 62, 43, 93, 44, 0], [2, 0, 2, 2, 116, 0, 0, 0], [9, 0, 6, 13, 1, 113, 1, 0], [0, 0, 0, 1, 2, 0, 330, 0], [0, 0, 12, 0, 0, 0, 0, 223]]"
73,75.99299065420561,0.6113715188370811,0.6858080105740446,0.6639956451690452,0.640229562242963,1333143380,0.0,91.02564102564102,80.0,93.10344827586206,79.50819672131148,1.3986013986013985,88.28828828828829,97.87234042553192,"[[0, 0, 0, 112, 10, 0, 0, 0], [8, 284, 0, 15, 0, 0, 5, 0], [0, 0, 124, 18, 6, 0, 1, 6], [1, 0, 3, 270, 11, 3, 2, 0], [0, 0, 2, 23, 97, 0, 0, 0], [0, 0, 0, 141, 0, 2, 0, 0], [0, 0, 1, 38, 0, 0, 294, 0], [0, 0, 5, 0, 0, 0, 0, 230]]"
74,76.69392523364486,0.6484082796507411,0.769665827429185,0.7831359754931956,0.7212415912613472,1350363744,90.98360655737704,94.55128205128204,62.58064516129033,13.10344827586207,86.88524590163934,86.7132867132867,93.3933933933934,98.29787234042553,"[[111, 1, 0, 0, 4, 6, 0, 0], [14, 295, 0, 0, 0, 1, 2, 0], [2, 0, 97, 2, 27, 7, 2, 18], [73, 0, 3, 38, 25, 140, 11, 0], [14, 0, 0, 1, 106, 1, 0, 0], [17, 0, 1, 1, 0, 124, 0, 0], [7, 4, 0, 4, 5, 2, 311, 0], [0, 0, 4, 0, 0, 0, 0, 231]]"
75,76.16822429906541,0.6677750487018514,0.7576709168841952,0.7789061929338684,0.7156134921511621,1371889205,72.1311475409836,98.07692307692307,77.41935483870968,5.862068965517241,91.80327868852459,95.8041958041958,98.1981981981982,83.82978723404256,"[[88, 2, 0, 0, 8, 23, 1, 0], [3, 306, 0, 1, 0, 0, 2, 0], [0, 0, 120, 2, 15, 6, 11, 1], [26, 3, 4, 17, 26, 151, 63, 0], [6, 0, 2, 2, 112, 0, 0, 0], [2, 0, 1, 1, 0, 137, 2, 0], [1, 5, 0, 0, 0, 0, 327, 0], [0, 0, 38, 0, 0, 0, 0, 197]]"
76,75.23364485981308,0.6383143481281068,0.7574720302821947,0.7613789532439418,0.6980091694352075,1386239511,90.98360655737704,96.47435897435898,47.096774193548384,15.862068965517242,92.62295081967213,76.22377622377621,90.69069069069069,99.14893617021276,"[[111, 1, 0, 0, 9, 1, 0, 0], [9, 301, 0, 1, 0, 0, 1, 0], [1, 0, 73, 1, 36, 6, 2, 36], [86, 1, 3, 46, 41, 100, 13, 0], [8, 0, 0, 1, 113, 0, 0, 0], [31, 0, 1, 0, 1, 109, 1, 0], [5, 9, 0, 3, 12, 0, 302, 2], [0, 0, 2, 0, 0, 0, 0, 233]]"
77,72.54672897196262,0.7293620043330722,0.7518240244131649,0.756522348167308,0.6887226924351566,1400589818,93.44262295081968,98.07692307692307,64.51612903225806,11.379310344827587,90.1639344262295,79.02097902097903,71.17117117117117,97.44680851063829,"[[114, 1, 0, 0, 6, 1, 0, 0], [6, 306, 0, 0, 0, 0, 0, 0], [1, 0, 100, 2, 33, 6, 3, 10], [91, 3, 1, 33, 33, 113, 16, 0], [12, 0, 0, 0, 110, 0, 0, 0], [27, 1, 1, 0, 1, 113, 0, 0], [9, 80, 0, 1, 6, 0, 237, 0], [0, 0, 6, 0, 0, 0, 0, 229]]"
78,74.24065420560747,0.9357893511101052,0.6288515156159347,0.6385691749850138,0.6170083560984261,1417810183,0.0,83.01282051282051,85.16129032258064,94.48275862068965,59.83606557377049,0.0,92.1921921921922,96.17021276595744,"[[0, 0, 0, 118, 4, 0, 0, 0], [0, 259, 0, 32, 0, 0, 21, 0], [0, 0, 132, 17, 0, 0, 2, 4], [0, 0, 4, 274, 6, 0, 6, 0], [0, 0, 12, 37, 73, 0, 0, 0], [0, 0, 0, 143, 0, 0, 0, 0], [0, 0, 2, 24, 0, 0, 307, 0], [0, 0, 9, 0, 0, 0, 0, 226]]"
79,62.73364485981308,1.062528466184934,0.6746000893347079,0.5987044138203523,0.5484327434895284,1432160487,99.18032786885246,90.38461538461539,42.58064516129032,2.0689655172413794,50.81967213114754,6.993006993006993,89.4894894894895,97.44680851063829,"[[121, 0, 0, 0, 1, 0, 0, 0], [27, 282, 1, 0, 0, 0, 2, 0], [12, 0, 66, 4, 57, 2, 6, 8], [255, 0, 0, 6, 7, 12, 10, 0], [60, 0, 0, 0, 62, 0, 0, 0], [131, 0, 1, 1, 0, 10, 0, 0], [32, 1, 0, 1, 1, 0, 298, 0], [0, 0, 5, 0, 1, 0, 0, 229]]"
80,80.78271028037383,0.49344192997173025,0.8023635242883906,0.8136529853950152,0.778008711094705,1449380853,68.0327868852459,98.71794871794873,78.06451612903226,25.517241379310345,93.44262295081968,94.4055944055944,96.996996996997,95.74468085106383,"[[83, 4, 0, 10, 9, 15, 1, 0], [1, 308, 0, 1, 0, 0, 2, 0], [0, 0, 121, 3, 14, 5, 7, 5], [12, 6, 4, 74, 28, 129, 37, 0], [6, 0, 0, 2, 114, 0, 0, 0], [2, 0, 2, 3, 0, 135, 1, 0], [0, 7, 0, 2, 1, 0, 323, 0], [0, 0, 10, 0, 0, 0, 0, 225]]"
81,78.03738317757009,0.5392173920516614,0.7769561721078762,0.7878131050859195,0.7559957550689095,1466601219,72.1311475409836,98.3974358974359,88.38709677419355,36.206896551724135,81.14754098360656,95.1048951048951,92.49249249249249,66.38297872340425,"[[88, 2, 0, 12, 6, 14, 0, 0], [3, 307, 0, 1, 0, 0, 1, 0], [0, 0, 137, 5, 5, 5, 2, 1], [17, 1, 12, 105, 17, 125, 13, 0], [7, 0, 10, 6, 99, 0, 0, 0], [2, 0, 1, 4, 0, 136, 0, 0], [0, 15, 0, 7, 2, 1, 308, 0], [0, 0, 79, 0, 0, 0, 0, 156]]"
82,72.95560747663552,0.7217534272759049,0.6708939407605796,0.6810917358927737,0.6451452814260168,1488126675,93.44262295081968,84.93589743589743,40.64516129032258,74.82758620689656,70.49180327868852,0.0,81.38138138138137,99.14893617021276,"[[114, 0, 0, 7, 1, 0, 0, 0], [46, 265, 0, 1, 0, 0, 0, 0], [2, 0, 63, 17, 15, 0, 1, 57], [59, 0, 2, 217, 9, 0, 3, 0], [30, 0, 0, 6, 86, 0, 0, 0], [17, 0, 0, 126, 0, 0, 0, 0], [11, 20, 0, 29, 2, 0, 271, 0], [0, 0, 2, 0, 0, 0, 0, 233]]"
83,82.41822429906541,0.44043814501276723,0.8112197106350334,0.8319804174048409,0.7984330013062741,1508217103,81.9672131147541,96.47435897435898,76.77419354838709,33.44827586206897,89.34426229508196,93.00699300699301,96.69669669669669,97.87234042553192,"[[100, 0, 0, 4, 4, 14, 0, 0], [8, 301, 0, 1, 0, 0, 2, 0], [0, 0, 119, 5, 13, 5, 6, 7], [24, 1, 6, 97, 20, 125, 17, 0], [9, 0, 1, 3, 109, 0, 0, 0], [2, 0, 1, 7, 0, 133, 0, 0], [2, 1, 0, 5, 3, 0, 322, 0], [0, 0, 5, 0, 0, 0, 0, 230]]"
84,76.16822429906541,0.5865809222062429,0.7432556604620935,0.7529552513198863,0.7251261924975995,1529742561,95.90163934426229,98.07692307692307,69.6774193548387,39.6551724137931,83.60655737704919,34.26573426573427,82.88288288288288,98.29787234042553,"[[117, 1, 0, 1, 3, 0, 0, 0], [5, 306, 0, 1, 0, 0, 0, 0], [1, 0, 108, 6, 20, 2, 5, 13], [90, 2, 3, 115, 19, 45, 16, 0], [18, 0, 0, 2, 102, 0, 0, 0], [42, 1, 1, 50, 0, 49, 0, 0], [6, 49, 0, 1, 1, 0, 276, 0], [0, 0, 4, 0, 0, 0, 0, 231]]"
85,77.86214953271028,0.6043959701502765,0.7875727369900096,0.7941768985731137,0.7295691299498818,1546962928,58.19672131147541,98.71794871794873,91.61290322580645,9.655172413793103,96.72131147540983,95.1048951048951,96.3963963963964,88.93617021276596,"[[71, 3, 0, 1, 21, 26, 0, 0], [1, 308, 0, 1, 0, 0, 2, 0], [0, 0, 142, 1, 8, 2, 1, 1], [11, 4, 31, 28, 44, 146, 26, 0], [0, 0, 4, 0, 118, 0, 0, 0], [3, 0, 4, 0, 0, 136, 0, 0], [0, 5, 1, 1, 4, 1, 321, 0], [0, 0, 26, 0, 0, 0, 0, 209]]"
86,81.95093457943925,0.4540589876748897,0.7307260246826109,0.7722428361790665,0.7455992237986472,1562748264,86.88524590163934,98.71794871794873,80.0,81.37931034482759,84.42622950819673,0.0,89.7897897897898,96.59574468085106,"[[106, 1, 0, 11, 4, 0, 0, 0], [3, 308, 0, 1, 0, 0, 0, 0], [0, 0, 124, 18, 8, 0, 1, 4], [34, 1, 4, 236, 11, 0, 4, 0], [10, 0, 1, 8, 103, 0, 0, 0], [8, 0, 1, 134, 0, 0, 0, 0], [2, 6, 1, 25, 0, 0, 299, 0], [0, 0, 8, 0, 0, 0, 0, 227]]"
87,79.08878504672897,0.5549187436699867,0.7931391706735602,0.8080791823877144,0.757019725042849,1579968630,87.70491803278688,97.43589743589743,77.41935483870968,17.586206896551722,81.14754098360656,95.1048951048951,92.1921921921922,97.87234042553192,"[[107, 0, 0, 1, 2, 12, 0, 0], [7, 304, 0, 0, 0, 1, 0, 0], [1, 0, 120, 4, 13, 7, 4, 6], [59, 0, 2, 51, 15, 149, 14, 0], [20, 0, 1, 1, 99, 1, 0, 0], [5, 0, 1, 1, 0, 136, 0, 0], [4, 14, 0, 5, 1, 2, 307, 0], [0, 0, 5, 0, 0, 0, 0, 230]]"
88,81.07476635514018,0.4990952991776996,0.7881301427805298,0.8191276851599496,0.7739392716322837,1594318937,65.57377049180327,93.58974358974359,86.45161290322581,28.27586206896552,95.08196721311475,90.9090909090909,96.69669669669669,98.72340425531915,"[[80, 0, 0, 1, 24, 17, 0, 0], [17, 292, 0, 1, 0, 0, 2, 0], [0, 0, 134, 2, 5, 2, 0, 12], [17, 0, 29, 82, 40, 108, 14, 0], [0, 0, 6, 0, 116, 0, 0, 0], [1, 0, 4, 8, 0, 130, 0, 0], [0, 0, 2, 4, 5, 0, 322, 0], [0, 0, 3, 0, 0, 0, 0, 232]]"
89,73.48130841121495,0.6833661325551845,0.6071524821574275,0.6058860578435894,0.5690592276548874,1610104275,0.0,91.66666666666666,89.03225806451613,93.10344827586206,20.491803278688526,0.0,93.3933933933934,97.02127659574468,"[[0, 0, 0, 119, 3, 0, 0, 0], [11, 286, 0, 6, 0, 0, 9, 0], [0, 0, 138, 14, 0, 0, 1, 2], [1, 0, 10, 270, 2, 1, 6, 0], [0, 0, 60, 37, 25, 0, 0, 0], [0, 0, 1, 142, 0, 0, 0, 0], [0, 0, 0, 22, 0, 0, 311, 0], [0, 0, 7, 0, 0, 0, 0, 228]]"
90,78.50467289719626,0.578685626939491,0.7831507029592232,0.8039904961585309,0.7407293858618713,1628759674,82.78688524590164,94.55128205128204,69.03225806451613,16.206896551724135,98.36065573770492,88.81118881118881,94.29429429429429,99.14893617021276,"[[101, 0, 0, 0, 15, 6, 0, 0], [15, 295, 0, 1, 0, 0, 1, 0], [0, 0, 107, 1, 30, 2, 2, 13], [44, 0, 6, 47, 67, 112, 14, 0], [2, 0, 0, 0, 120, 0, 0, 0], [11, 0, 2, 2, 1, 127, 0, 0], [3, 0, 1, 2, 13, 0, 314, 0], [0, 0, 2, 0, 0, 0, 0, 233]]"
91,78.73831775700934,0.6111474053727256,0.7853507410236826,0.8064182968787921,0.7430442004860702,1644545010,77.8688524590164,99.03846153846155,78.06451612903226,7.241379310344828,95.90163934426229,95.1048951048951,100.0,91.91489361702128,"[[95, 2, 0, 1, 9, 14, 1, 0], [1, 309, 0, 0, 0, 0, 2, 0], [0, 0, 121, 2, 16, 4, 11, 1], [32, 1, 5, 21, 29, 126, 76, 0], [3, 0, 0, 1, 117, 0, 1, 0], [3, 0, 1, 1, 0, 136, 2, 0], [0, 0, 0, 0, 0, 0, 333, 0], [0, 0, 19, 0, 0, 0, 0, 216]]"
92,80.8411214953271,0.4875434512893359,0.8062351050145586,0.7520825191955368,0.7537741843337146,1660330347,16.39344262295082,96.7948717948718,87.09677419354838,69.6551724137931,76.22950819672131,66.43356643356644,94.5945945945946,94.46808510638299,"[[20, 0, 0, 92, 6, 4, 0, 0], [6, 302, 0, 2, 0, 0, 2, 0], [0, 0, 135, 12, 1, 2, 1, 4], [1, 0, 5, 202, 11, 61, 10, 0], [0, 0, 9, 20, 93, 0, 0, 0], [0, 0, 1, 47, 0, 95, 0, 0], [0, 0, 0, 18, 0, 0, 315, 0], [0, 0, 13, 0, 0, 0, 0, 222]]"
93,80.49065420560747,0.4844083361051701,0.791854214106001,0.8121104581813952,0.7657149591281021,1678985741,82.78688524590164,97.75641025641025,63.2258064516129,24.137931034482758,96.72131147540983,87.41258741258741,98.49849849849849,99.14893617021276,"[[101, 0, 0, 2, 13, 6, 0, 0], [5, 305, 0, 1, 0, 0, 1, 0], [0, 0, 98, 4, 27, 4, 9, 13], [37, 1, 2, 70, 41, 106, 33, 0], [2, 0, 0, 2, 118, 0, 0, 0], [10, 0, 1, 6, 0, 125, 1, 0], [1, 0, 0, 2, 2, 0, 328, 0], [0, 0, 2, 0, 0, 0, 0, 233]]"
94,83.93691588785046,0.43075032311457173,0.8170671733387151,0.8405114512698044,0.8116386651918744,1697641138,78.68852459016394,97.11538461538461,72.90322580645162,43.103448275862064,97.54098360655738,87.41258741258741,98.1981981981982,97.44680851063829,"[[96, 0, 0, 6, 13, 7, 0, 0], [7, 303, 0, 1, 0, 0, 1, 0], [0, 0, 113, 6, 22, 3, 6, 5], [25, 1, 3, 125, 33, 83, 20, 0], [1, 0, 0, 2, 119, 0, 0, 0], [5, 0, 1, 12, 0, 125, 0, 0], [1, 0, 0, 4, 1, 0, 327, 0], [0, 0, 6, 0, 0, 0, 0, 229]]"
95,83.4696261682243,0.3853427502844069,0.83620943956096,0.7794821520297337,0.7892583619511288,1713426473,69.67213114754098,96.7948717948718,83.87096774193549,80.6896551724138,75.40983606557377,21.678321678321677,97.5975975975976,97.87234042553192,"[[85, 0, 0, 33, 4, 0, 0, 0], [6, 302, 0, 2, 0, 0, 2, 0], [0, 0, 130, 15, 2, 1, 3, 4], [16, 1, 3, 234, 8, 14, 14, 0], [3, 0, 4, 23, 92, 0, 0, 0], [1, 0, 1, 110, 0, 31, 0, 0], [0, 1, 0, 7, 0, 0, 325, 0], [0, 0, 5, 0, 0, 0, 0, 230]]"
96,82.0677570093458,0.45268180083345483,0.8191200607873419,0.8243363419986647,0.7952266044297851,1734951931,64.75409836065575,93.91025641025641,81.29032258064515,34.48275862068966,90.98360655737704,97.9020979020979,96.996996996997,99.14893617021276,"[[79, 0, 0, 3, 7, 33, 0, 0], [15, 293, 0, 1, 0, 0, 3, 0], [0, 0, 126, 7, 5, 5, 2, 10], [12, 0, 6, 100, 19, 140, 13, 0], [4, 0, 4, 3, 111, 0, 0, 0], [1, 0, 2, 0, 0, 140, 0, 0], [1, 0, 0, 7, 1, 1, 323, 0], [0, 0, 2, 0, 0, 0, 0, 233]]"
97,68.80841121495327,0.9106911878894877,0.758957653406254,0.7026535275863944,0.6521545442481635,1752172298,99.18032786885246,94.23076923076923,69.6774193548387,8.620689655172415,80.32786885245902,37.06293706293706,73.87387387387388,99.14893617021276,"[[121, 0, 0, 0, 1, 0, 0, 0], [18, 294, 0, 0, 0, 0, 0, 0], [4, 0, 108, 0, 23, 3, 4, 13], [183, 1, 5, 25, 21, 47, 8, 0], [24, 0, 0, 0, 98, 0, 0, 0], [88, 1, 1, 0, 0, 53, 0, 0], [26, 58, 1, 1, 1, 0, 246, 0], [0, 0, 2, 0, 0, 0, 0, 233]]"
98,82.59345794392523,0.4538539562512327,0.8015337205307058,0.8258859161451719,0.7943495186748144,1772262723,81.14754098360656,97.11538461538461,67.74193548387096,40.0,97.54098360655738,81.81818181818183,97.8978978978979,97.44680851063829,"[[99, 0, 0, 7, 14, 2, 0, 0], [7, 303, 0, 1, 0, 0, 1, 0], [0, 0, 105, 6, 32, 3, 4, 5], [30, 1, 2, 116, 40, 84, 17, 0], [1, 0, 0, 2, 119, 0, 0, 0], [9, 0, 1, 15, 1, 117, 0, 0], [0, 0, 0, 6, 1, 0, 326, 0], [0, 0, 6, 0, 0, 0, 0, 229]]"
99,57.47663551401869,1.5373154326721474,0.6382076445962785,0.5601945978526669,0.521369606111065,1786613028,65.57377049180327,100.0,63.87096774193548,4.827586206896552,59.01639344262295,6.293706293706294,49.849849849849846,98.72340425531915,"[[80, 42, 0, 0, 0, 0, 0, 0], [0, 312, 0, 0, 0, 0, 0, 0], [7, 0, 99, 5, 30, 0, 7, 7], [145, 87, 1, 14, 5, 14, 24, 0], [48, 2, 0, 0, 72, 0, 0, 0], [80, 47, 1, 5, 0, 9, 1, 0], [0, 167, 0, 0, 0, 0, 166, 0], [0, 0, 3, 0, 0, 0, 0, 232]]"
100,77.68691588785046,0.6119882861773173,0.7729759479599447,0.7836649639103561,0.763822536029359,1802398363,82.78688524590164,66.34615384615384,71.61290322580646,51.37931034482759,90.98360655737704,69.93006993006993,97.2972972972973,96.59574468085106,"[[101, 0, 0, 11, 6, 4, 0, 0], [21, 207, 0, 9, 0, 0, 74, 1], [1, 0, 111, 10, 21, 3, 6, 3], [37, 0, 1, 149, 19, 69, 15, 0], [5, 0, 0, 6, 111, 0, 0, 0], [17, 0, 1, 25, 0, 100, 0, 0], [0, 0, 0, 9, 0, 0, 324, 0], [0, 0, 8, 0, 0, 0, 0, 227]]"
101,75.58411214953271,0.5913376968216013,0.7634278010841415,0.7759729045654615,0.7261784826127671,1823923825,94.26229508196722,97.43589743589743,56.774193548387096,22.758620689655174,87.70491803278688,84.61538461538461,78.07807807807808,99.14893617021276,"[[115, 1, 0, 1, 3, 2, 0, 0], [8, 304, 0, 0, 0, 0, 0, 0], [1, 0, 88, 7, 21, 6, 8, 24], [67, 5, 2, 66, 19, 112, 19, 0], [13, 0, 0, 2, 107, 0, 0, 0], [16, 2, 1, 3, 0, 121, 0, 0], [4, 66, 0, 1, 2, 0, 260, 0], [0, 0, 2, 0, 0, 0, 0, 233]]"
102,82.4766355140187,0.4034172961557353,0.8221519586451054,0.7647784433640955,0.7693392521935669,1839709162,73.77049180327869,96.47435897435898,80.0,85.51724137931035,72.1311475409836,11.888111888111888,94.5945945945946,97.44680851063829,"[[90, 0, 0, 28, 4, 0, 0, 0], [8, 301, 0, 1, 0, 0, 2, 0], [0, 0, 124, 18, 4, 1, 2, 6], [13, 0, 3, 248, 7, 12, 7, 0], [4, 0, 4, 26, 88, 0, 0, 0], [1, 0, 0, 125, 0, 17, 0, 0], [0, 0, 0, 18, 0, 0, 315, 0], [0, 0, 6, 0, 0, 0, 0, 229]]"
103,82.35981308411215,0.47310860565415136,0.8030791348804056,0.8143214487103445,0.7929282835741711,1859799592,54.91803278688525,96.15384615384616,96.7741935483871,47.58620689655172,83.60655737704919,88.11188811188812,95.7957957957958,88.51063829787233,"[[67, 0, 0, 26, 16, 13, 0, 0], [7, 300, 0, 2, 0, 0, 3, 0], [0, 0, 150, 1, 1, 2, 0, 1], [7, 1, 25, 138, 22, 91, 6, 0], [0, 0, 18, 2, 102, 0, 0, 0], [1, 0, 3, 13, 0, 126, 0, 0], [0, 0, 2, 11, 1, 0, 319, 0], [0, 0, 27, 0, 0, 0, 0, 208]]"
104,78.79672897196262,0.5261569036929695,0.7902858342458602,0.7943280724275711,0.7562287536832877,1881325054,96.72131147540983,97.43589743589743,81.29032258064515,26.551724137931032,72.95081967213115,73.42657342657343,92.1921921921922,94.8936170212766,"[[118, 1, 0, 2, 1, 0, 0, 0], [7, 304, 0, 0, 0, 0, 1, 0], [1, 0, 126, 3, 11, 6, 6, 2], [89, 2, 5, 77, 9, 89, 19, 0], [28, 0, 2, 3, 89, 0, 0, 0], [34, 1, 1, 2, 0, 105, 0, 0], [4, 19, 0, 2, 0, 1, 307, 0], [0, 0, 12, 0, 0, 0, 0, 223]]"
105,83.58644859813084,0.40735102003371276,0.8324489561963271,0.7847105451073382,0.7998863829558112,1899980452,54.91803278688525,97.43589743589743,86.45161290322581,73.10344827586206,57.377049180327866,62.93706293706294,96.3963963963964,99.14893617021276,"[[67, 0, 0, 50, 4, 1, 0, 0], [4, 304, 0, 1, 0, 0, 3, 0], [0, 0, 134, 11, 0, 2, 2, 6], [9, 1, 4, 212, 4, 53, 7, 0], [3, 0, 21, 28, 70, 0, 0, 0], [0, 0, 2, 51, 0, 90, 0, 0], [0, 0, 0, 12, 0, 0, 321, 0], [0, 0, 2, 0, 0, 0, 0, 233]]"
106,79.32242990654206,0.4794394498070081,0.789322362885903,0.7212172379594044,0.70730306109337,1914330759,20.491803278688526,96.15384615384616,85.16129032258064,84.13793103448276,95.90163934426229,8.391608391608392,90.990990990991,95.74468085106383,"[[25, 0, 0, 82, 15, 0, 0, 0], [5, 300, 0, 5, 0, 0, 2, 0], [0, 0, 132, 11, 9, 0, 1, 2], [3, 0, 8, 244, 21, 11, 3, 0], [0, 0, 1, 4, 117, 0, 0, 0], [0, 0, 1, 130, 0, 12, 0, 0], [0, 0, 2, 28, 0, 0, 303, 0], [0, 0, 10, 0, 0, 0, 0, 225]]"
107,80.0233644859813,0.4951391073840636,0.8113970891195721,0.773409246154972,0.7541790601350338,1932986155,24.59016393442623,94.55128205128204,85.80645161290322,40.0,80.32786885245902,95.8041958041958,98.49849849849849,99.14893617021276,"[[30, 0, 0, 13, 7, 72, 0, 0], [6, 295, 0, 3, 0, 0, 8, 0], [0, 0, 133, 4, 2, 5, 5, 6], [3, 0, 4, 116, 11, 137, 19, 0], [0, 0, 9, 14, 98, 1, 0, 0], [0, 0, 2, 4, 0, 137, 0, 0], [0, 0, 0, 5, 0, 0, 328, 0], [0, 0, 2, 0, 0, 0, 0, 233]]"
108,84.52102803738318,0.414421319409653,0.816701058108126,0.8270307869526101,0.8180847704140429,1948771493,62.295081967213115,94.55128205128204,91.61290322580645,60.0,95.08196721311475,62.23776223776224,96.69669669669669,99.14893617021276,"[[76, 0, 0, 29, 14, 3, 0, 0], [9, 295, 0, 3, 0, 0, 5, 0], [0, 0, 142, 2, 3, 2, 0, 6], [10, 0, 19, 174, 26, 51, 10, 0], [0, 0, 5, 1, 116, 0, 0, 0], [1, 0, 3, 50, 0, 89, 0, 0], [0, 0, 1, 8, 2, 0, 322, 0], [0, 0, 2, 0, 0, 0, 0, 233]]"
109,83.11915887850468,0.4468883452592073,0.8337944855464603,0.7890999220713005,0.8025564016440705,1968861920,45.08196721311475,95.51282051282051,86.45161290322581,73.79310344827587,73.77049180327869,67.83216783216784,93.09309309309309,95.74468085106383,"[[55, 0, 0, 54, 6, 7, 0, 0], [5, 298, 0, 2, 0, 0, 7, 0], [0, 0, 134, 16, 1, 2, 0, 2], [7, 0, 2, 214, 7, 56, 4, 0], [1, 0, 6, 25, 90, 0, 0, 0], [0, 0, 0, 46, 0, 97, 0, 0], [0, 0, 1, 22, 0, 0, 310, 0], [0, 0, 10, 0, 0, 0, 0, 225]]"
110,83.41121495327103,0.439606952170531,0.8311269679532928,0.8211427461515739,0.8009441306823102,1983212226,40.98360655737705,97.75641025641025,89.6774193548387,45.86206896551724,95.08196721311475,92.3076923076923,96.09609609609609,99.14893617021276,"[[50, 1, 0, 24, 11, 36, 0, 0], [1, 305, 0, 2, 0, 0, 4, 0], [0, 0, 139, 5, 3, 3, 0, 5], [5, 1, 13, 133, 19, 111, 8, 0], [0, 0, 4, 2, 116, 0, 0, 0], [0, 0, 2, 9, 0, 132, 0, 0], [0, 0, 1, 11, 1, 0, 320, 0], [0, 0, 2, 0, 0, 0, 0, 233]]"
111,81.89252336448598,0.49158843220384035,0.7233304434094042,0.7775551503140203,0.7444629338220428,2003302656,85.24590163934425,97.43589743589743,82.58064516129032,80.3448275862069,91.80327868852459,0.0,88.88888888888889,95.74468085106383,"[[104, 0, 0, 12, 6, 0, 0, 0], [7, 304, 0, 1, 0, 0, 0, 0], [0, 0, 128, 12, 11, 0, 2, 2], [34, 0, 4, 233, 15, 0, 4, 0], [8, 0, 0, 2, 112, 0, 0, 0], [13, 0, 1, 129, 0, 0, 0, 0], [1, 13, 1, 22, 0, 0, 296, 0], [0, 0, 10, 0, 0, 0, 0, 225]]"
112,77.45327102803738,0.5656854720027359,0.7390966726179612,0.6926380184704286,0.679893234671537,2023393083,4.918032786885246,90.38461538461539,92.25806451612904,73.44827586206897,43.44262295081967,57.34265734265735,96.996996996997,95.31914893617022,"[[6, 0, 1, 81, 8, 26, 0, 0], [6, 282, 0, 5, 0, 0, 19, 0], [0, 0, 143, 6, 0, 1, 3, 2], [0, 0, 10, 213, 4, 53, 10, 0], [0, 0, 56, 13, 53, 0, 0, 0], [0, 0, 2, 59, 0, 82, 0, 0], [0, 0, 1, 9, 0, 0, 323, 0], [0, 0, 11, 0, 0, 0, 0, 224]]"
113,80.37383177570094,0.5088213290329333,0.7832353277353017,0.7896750732136899,0.7687428050215848,2039178420,92.62295081967213,98.71794871794873,70.96774193548387,46.55172413793103,86.88524590163934,45.45454545454545,93.09309309309309,97.44680851063829,"[[113, 2, 0, 4, 3, 0, 0, 0], [4, 308, 0, 0, 0, 0, 0, 0], [1, 0, 110, 8, 22, 2, 8, 4], [71, 5, 1, 135, 17, 36, 25, 0], [14, 0, 0, 2, 106, 0, 0, 0], [39, 1, 1, 37, 0, 65, 0, 0], [1, 20, 0, 2, 0, 0, 310, 0], [0, 0, 6, 0, 0, 0, 0, 229]]"
114,82.82710280373831,0.4159303572442796,0.8112729180731756,0.8417776395047045,0.8017006789777761,2059268850,78.68852459016394,97.43589743589743,87.09677419354838,33.44827586206897,95.08196721311475,92.3076923076923,94.8948948948949,94.46808510638299,"[[96, 2, 0, 1, 10, 13, 0, 0], [6, 304, 0, 1, 0, 0, 1, 0], [0, 0, 135, 4, 11, 3, 1, 1], [29, 2, 10, 97, 28, 109, 15, 0], [3, 0, 2, 1, 116, 0, 0, 0], [6, 1, 1, 3, 0, 132, 0, 0], [0, 7, 1, 6, 2, 1, 316, 0], [0, 0, 13, 0, 0, 0, 0, 222]]"
115,79.67289719626169,0.5312170286973318,0.8114783429750492,0.8012921602261716,0.7633521464111928,2079359278,62.295081967213115,97.75641025641025,92.90322580645162,20.0,78.68852459016394,98.6013986013986,97.5975975975976,93.19148936170212,"[[76, 1, 0, 1, 6, 38, 0, 0], [5, 305, 0, 1, 0, 0, 1, 0], [0, 0, 144, 3, 1, 6, 0, 1], [12, 1, 16, 58, 15, 176, 12, 0], [5, 0, 17, 1, 96, 3, 0, 0], [0, 0, 2, 0, 0, 141, 0, 0], [0, 0, 0, 6, 0, 2, 325, 0], [0, 0, 16, 0, 0, 0, 0, 219]]"
116,82.76869158878505,0.39240626162952846,0.8344810577623097,0.7721840753210276,0.7596549317211064,2093709585,81.14754098360656,97.11538461538461,80.0,84.13793103448276,79.50819672131148,3.4965034965034967,94.8948948948949,97.44680851063829,"[[99, 1, 0, 17, 5, 0, 0, 0], [6, 303, 0, 1, 0, 0, 2, 0], [0, 0, 124, 20, 6, 0, 1, 4], [24, 0, 2, 244, 9, 2, 9, 0], [5, 0, 0, 20, 97, 0, 0, 0], [4, 0, 0, 134, 0, 5, 0, 0], [0, 0, 1, 16, 0, 0, 316, 0], [0, 0, 6, 0, 0, 0, 0, 229]]"
117,83.29439252336448,0.43846732129653293,0.8154501527765089,0.8279449564917993,0.8120202427074592,2115235041,82.78688524590164,98.71794871794873,76.12903225806451,41.03448275862069,89.34426229508196,77.62237762237763,99.69969969969969,97.02127659574468,"[[101, 3, 0, 7, 3, 7, 1, 0], [1, 308, 0, 0, 0, 0, 3, 0], [0, 0, 118, 11, 13, 2, 8, 3], [26, 1, 2, 119, 12, 69, 61, 0], [8, 0, 0, 5, 109, 0, 0, 0], [5, 0, 1, 24, 0, 111, 2, 0], [0, 0, 0, 1, 0, 0, 332, 0], [0, 0, 7, 0, 0, 0, 0, 228]]"
118,79.32242990654206,0.5117390870496079,0.8115692796362287,0.7092456590750982,0.7201089151353269,2133890440,27.049180327868854,90.06410256410257,87.74193548387098,91.72413793103448,58.19672131147541,20.97902097902098,92.49249249249249,99.14893617021276,"[[33, 0, 0, 83, 6, 0, 0, 0], [19, 281, 0, 5, 0, 0, 7, 0], [0, 0, 136, 12, 0, 0, 0, 7], [1, 0, 6, 266, 5, 9, 3, 0], [0, 0, 25, 26, 71, 0, 0, 0], [0, 0, 2, 111, 0, 30, 0, 0], [0, 0, 1, 24, 0, 0, 308, 0], [0, 0, 2, 0, 0, 0, 0, 233]]"
119,82.4766355140187,0.4070725874216468,0.820827700911799,0.7741019313085735,0.7492632107741151,2148240746,81.14754098360656,97.43589743589743,75.48387096774194,78.96551724137932,90.98360655737704,2.097902097902098,96.996996996997,96.17021276595744,"[[99, 1, 0, 16, 6, 0, 0, 0], [6, 304, 0, 1, 0, 0, 1, 0], [0, 0, 117, 13, 16, 0, 5, 4], [28, 0, 1, 229, 17, 1, 14, 0], [6, 0, 0, 5, 111, 0, 0, 0], [5, 0, 1, 134, 0, 3, 0, 0], [0, 2, 0, 7, 1, 0, 323, 0], [0, 0, 9, 0, 0, 0, 0, 226]]"
120,82.94392523364486,0.4184675144928473,0.8105120036176037,0.8025642043846942,0.7925929859398919,2166896144,86.0655737704918,99.03846153846155,81.29032258064515,56.20689655172414,90.98360655737704,30.76923076923077,99.3993993993994,98.29787234042553,"[[105, 3, 0, 8, 6, 0, 0, 0], [1, 309, 0, 0, 0, 0, 2, 0], [0, 0, 126, 7, 11, 0, 7, 4], [35, 5, 3, 163, 16, 18, 50, 0], [9, 0, 0, 2, 111, 0, 0, 0], [11, 1, 1, 84, 0, 44, 2, 0], [0, 1, 0, 1, 0, 0, 331, 0], [0, 0, 4, 0, 0, 0, 0, 231]]"
121,86.44859813084112,0.36645766347646713,0.8472135799978497,0.8440200356681915,0.8412115680666663,2185551543,59.01639344262295,96.7948717948718,87.09677419354838,67.58620689655173,95.90163934426229,74.12587412587412,96.3963963963964,98.29787234042553,"[[72, 0, 0, 32, 9, 9, 0, 0], [6, 302, 0, 1, 0, 0, 3, 0], [0, 0, 135, 9, 4, 2, 1, 4], [8, 1, 4, 196, 16, 60, 5, 0], [0, 0, 3, 2, 117, 0, 0, 0], [1, 0, 2, 34, 0, 106, 0, 0], [0, 0, 0, 12, 0, 0, 321, 0], [0, 0, 4, 0, 0, 0, 0, 231]]"
122,83.0607476635514,0.42339936091944025,0.8169224977455013,0.8000221992912431,0.7914380035416796,2201336878,89.34426229508196,98.3974358974359,68.38709677419355,61.724137931034484,87.70491803278688,37.06293706293706,99.09909909909909,98.29787234042553,"[[109, 2, 0, 8, 3, 0, 0, 0], [2, 307, 0, 0, 0, 0, 3, 0], [0, 0, 106, 11, 23, 1, 10, 4], [48, 2, 1, 179, 11, 15, 34, 0], [12, 0, 0, 3, 107, 0, 0, 0], [19, 1, 0, 70, 0, 53, 0, 0], [0, 0, 0, 3, 0, 0, 330, 0], [0, 0, 4, 0, 0, 0, 0, 231]]"
123,84.34579439252336,0.39917499020143793,0.8303815379271011,0.8437947644600252,0.8221744453048394,2215687184,74.59016393442623,96.15384615384616,77.41935483870968,45.51724137931035,91.80327868852459,93.7062937062937,96.69669669669669,99.14893617021276,"[[91, 0, 0, 11, 4, 16, 0, 0], [10, 300, 0, 1, 0, 0, 1, 0], [0, 0, 120, 10, 14, 2, 1, 8], [17, 0, 3, 132, 14, 115, 9, 0], [6, 0, 0, 4, 112, 0, 0, 0], [1, 0, 2, 6, 0, 134, 0, 0], [0, 0, 0, 10, 0, 1, 322, 0], [0, 0, 2, 0, 0, 0, 0, 233]]"
124,76.40186915887851,0.6021147088872062,0.8480591521552336,0.6803179126379151,0.6843679290785653,2230037492,34.42622950819672,90.06410256410257,78.06451612903226,96.89655172413794,61.47540983606557,2.797202797202797,81.38138138138137,99.14893617021276,"[[42, 0, 0, 74, 6, 0, 0, 0], [21, 281, 0, 8, 0, 0, 1, 1], [0, 0, 121, 18, 1, 0, 0, 15], [1, 0, 4, 281, 3, 0, 1, 0], [0, 0, 11, 36, 75, 0, 0, 0], [0, 0, 1, 138, 0, 4, 0, 0], [0, 0, 1, 60, 0, 0, 271, 1], [0, 0, 2, 0, 0, 0, 0, 233]]"
125,81.54205607476635,0.4750173251937937,0.7911917703760083,0.7913915665589242,0.7658302359107141,2251562951,86.88524590163934,99.03846153846155,74.19354838709677,54.48275862068965,96.72131147540983,27.27272727272727,95.7957957957958,98.72340425531915,"[[106, 2, 0, 5, 9, 0, 0, 0], [3, 309, 0, 0, 0, 0, 0, 0], [0, 0, 115, 4, 24, 2, 5, 5], [55, 3, 1, 158, 43, 14, 16, 0], [4, 0, 0, 0, 118, 0, 0, 0], [35, 1, 1, 66, 1, 39, 0, 0], [1, 8, 0, 4, 1, 0, 319, 0], [0, 0, 3, 0, 0, 0, 0, 232]]"
126,84.40420560747664,0.38390928230903765,0.8379895756047392,0.839901311742111,0.8248996207031641,2267348286,75.40983606557377,98.3974358974359,85.16129032258064,41.37931034482759,81.9672131147541,91.6083916083916,99.69969969969969,98.29787234042553,"[[92, 2, 0, 5, 7, 16, 0, 0], [1, 307, 0, 0, 0, 0, 4, 0], [0, 0, 132, 8, 4, 2, 5, 4], [14, 2, 3, 120, 7, 102, 42, 0], [4, 0, 3, 15, 100, 0, 0, 0], [1, 0, 2, 9, 0, 131, 0, 0], [0, 0, 0, 1, 0, 0, 332, 0], [0, 0, 4, 0, 0, 0, 0, 231]]"
127,83.99532710280374,0.4288066062662337,0.829197459968857,0.8524421479448899,0.8142204085507954,2288873741,79.50819672131148,96.7948717948718,82.58064516129032,33.793103448275865,95.90163934426229,96.5034965034965,97.2972972972973,99.57446808510639,"[[97, 0, 0, 1, 11, 13, 0, 0], [7, 302, 0, 1, 0, 0, 1, 1], [0, 0, 128, 3, 5, 2, 0, 17], [20, 0, 17, 98, 23, 121, 11, 0], [1, 0, 4, 0, 117, 0, 0, 0], [1, 0, 2, 2, 0, 138, 0, 0], [0, 0, 1, 5, 1, 1, 324, 1], [0, 0, 1, 0, 0, 0, 0, 234]]"
128,72.95560747663552,0.6928926860844647,0.7495355198232377,0.7235581377786275,0.7044113733456551,2307529137,100.0,95.83333333333334,74.83870967741936,60.3448275862069,67.21311475409836,30.76923076923077,60.06006006006006,89.7872340425532,"[[122, 0, 0, 0, 0, 0, 0, 0], [13, 299, 0, 0, 0, 0, 0, 0], [2, 0, 116, 13, 19, 2, 2, 1], [83, 1, 2, 175, 5, 22, 2, 0], [35, 0, 0, 5, 82, 0, 0, 0], [31, 1, 1, 66, 0, 44, 0, 0], [20, 102, 0, 11, 0, 0, 200, 0], [0, 0, 24, 0, 0, 0, 0, 211]]"
129,77.57009345794393,0.671786536221151,0.6991948554477676,0.6742504898398645,0.660576309020698,2324749503,0.0,90.38461538461539,92.90322580645162,82.41379310344827,31.147540983606557,45.45454545454545,98.7987987987988,98.29787234042553,"[[0, 0, 0, 114, 6, 1, 1, 0], [0, 282, 0, 8, 0, 0, 22, 0], [0, 0, 144, 7, 0, 0, 1, 3], [0, 0, 6, 239, 2, 25, 18, 0], [0, 0, 57, 27, 38, 0, 0, 0], [0, 0, 2, 76, 0, 65, 0, 0], [0, 0, 0, 4, 0, 0, 329, 0], [0, 0, 4, 0, 0, 0, 0, 231]]"
130,86.33177570093459,0.369092321506253,0.8375614095132115,0.8625998339293639,0.8409219500104973,2346274962,74.59016393442623,97.11538461538461,88.38709677419355,51.03448275862069,97.54098360655738,84.61538461538461,98.49849849849849,98.29787234042553,"[[91, 1, 0, 12, 11, 7, 0, 0], [5, 303, 0, 1, 0, 0, 3, 0], [0, 0, 137, 2, 7, 2, 2, 5], [17, 2, 11, 148, 27, 70, 15, 0], [0, 0, 2, 1, 119, 0, 0, 0], [2, 0, 4, 16, 0, 121, 0, 0], [0, 0, 0, 4, 1, 0, 328, 0], [0, 0, 4, 0, 0, 0, 0, 231]]"
131,76.98598130841121,0.6175312168068356,0.781542592321467,0.7510692242773264,0.7274267511730566,2363495329,98.36065573770492,91.34615384615384,55.483870967741936,43.44827586206896,83.60655737704919,34.26573426573427,95.1951951951952,99.14893617021276,"[[120, 0, 0, 0, 2, 0, 0, 0], [26, 285, 0, 0, 0, 0, 0, 1], [4, 0, 86, 9, 24, 1, 5, 26], [113, 0, 1, 126, 16, 21, 13, 0], [19, 0, 0, 1, 102, 0, 0, 0], [60, 0, 1, 33, 0, 49, 0, 0], [8, 2, 0, 6, 0, 0, 317, 0], [0, 0, 2, 0, 0, 0, 0, 233]]"
132,82.76869158878505,0.4309043801493115,0.8113844997399362,0.8374279803325388,0.7984328382251724,2385020789,89.34426229508196,97.43589743589743,70.96774193548387,33.793103448275865,92.62295081967213,90.9090909090909,96.996996996997,97.87234042553192,"[[109, 0, 0, 2, 4, 7, 0, 0], [7, 304, 0, 0, 0, 0, 1, 0], [0, 0, 110, 7, 24, 5, 4, 5], [46, 0, 2, 98, 20, 108, 16, 0], [7, 0, 0, 2, 113, 0, 0, 0], [7, 0, 1, 5, 0, 130, 0, 0], [1, 0, 0, 7, 1, 1, 323, 0], [0, 0, 5, 0, 0, 0, 0, 230]]"
133,84.34579439252336,0.4042781803894926,0.8415362378951962,0.8152860480596316,0.8172431484064688,2406546245,52.459016393442624,97.75641025641025,87.74193548387098,58.620689655172406,78.68852459016394,81.81818181818183,99.3993993993994,95.74468085106383,"[[64, 2, 0, 31, 7, 18, 0, 0], [1, 305, 0, 2, 0, 0, 4, 0], [0, 0, 136, 8, 3, 2, 3, 3], [4, 1, 4, 170, 6, 77, 28, 0], [0, 0, 7, 19, 96, 0, 0, 0], [0, 0, 2, 24, 0, 117, 0, 0], [0, 0, 0, 2, 0, 0, 331, 0], [0, 0, 10, 0, 0, 0, 0, 225]]"
134,79.78971962616822,0.48110879709323245,0.8215701615434647,0.7059199646047527,0.7154070467266862,2426636675,21.311475409836063,94.55128205128204,90.96774193548387,84.13793103448276,45.90163934426229,30.76923076923077,98.7987987987988,98.29787234042553,"[[26, 0, 0, 90, 6, 0, 0, 0], [4, 295, 0, 3, 0, 0, 10, 0], [0, 0, 141, 10, 0, 0, 2, 2], [0, 1, 7, 244, 3, 19, 16, 0], [0, 0, 42, 24, 56, 0, 0, 0], [0, 0, 2, 97, 0, 44, 0, 0], [0, 0, 0, 4, 0, 0, 329, 0], [0, 0, 4, 0, 0, 0, 0, 231]]"
135,80.4322429906542,0.5244165162245432,0.802757243802777,0.8202399531457065,0.772591351980366,2440986978,95.08196721311475,97.43589743589743,66.45161290322581,28.620689655172416,92.62295081967213,86.01398601398601,90.39039039039038,99.57446808510639,"[[116, 0, 0, 0, 3, 3, 0, 0], [7, 304, 0, 0, 0, 0, 0, 1], [0, 0, 103, 4, 15, 4, 1, 28], [62, 0, 2, 83, 25, 109, 9, 0], [9, 0, 0, 0, 113, 0, 0, 0], [17, 0, 2, 1, 0, 123, 0, 0], [8, 17, 0, 3, 3, 0, 301, 1], [0, 0, 1, 0, 0, 0, 0, 234]]"
136,75.52570093457943,0.613905629074132,0.6824013745250448,0.6399963965094271,0.6136390640008902,2456772315,0.0,92.3076923076923,90.32258064516128,94.48275862068965,42.62295081967213,2.797202797202797,91.5915915915916,97.87234042553192,"[[0, 0, 0, 116, 6, 0, 0, 0], [9, 288, 0, 14, 0, 0, 1, 0], [0, 0, 140, 11, 1, 0, 0, 3], [0, 0, 6, 274, 3, 4, 3, 0], [0, 0, 50, 20, 52, 0, 0, 0], [0, 0, 2, 137, 0, 4, 0, 0], [0, 0, 0, 28, 0, 0, 305, 0], [0, 0, 5, 0, 0, 0, 0, 230]]"
137,84.98831775700934,0.3797739625529007,0.8329583754645036,0.8480928308042062,0.82757357676615,2478297770,78.68852459016394,99.03846153846155,80.0,43.103448275862064,90.98360655737704,88.11188811188812,99.3993993993994,99.14893617021276,"[[96, 5, 0, 7, 4, 10, 0, 0], [1, 309, 0, 0, 0, 0, 2, 0], [0, 0, 124, 9, 12, 2, 3, 5], [26, 5, 2, 125, 13, 84, 35, 0], [7, 0, 0, 4, 111, 0, 0, 0], [4, 0, 2, 11, 0, 126, 0, 0], [0, 1, 0, 1, 0, 0, 331, 0], [0, 0, 2, 0, 0, 0, 0, 233]]"
138,83.82009345794393,0.3863415996785517,0.8363856905767917,0.7847867767725687,0.7705583855381032,2494083104,76.22950819672131,97.75641025641025,72.25806451612902,82.41379310344827,95.08196721311475,6.993006993006993,98.7987987987988,98.29787234042553,"[[93, 0, 0, 21, 8, 0, 0, 0], [4, 305, 0, 1, 0, 0, 2, 0], [0, 0, 112, 14, 23, 0, 3, 3], [13, 1, 1, 239, 17, 4, 15, 0], [2, 0, 0, 4, 116, 0, 0, 0], [1, 0, 2, 130, 0, 10, 0, 0], [0, 0, 0, 4, 0, 0, 329, 0], [0, 0, 4, 0, 0, 0, 0, 231]]"
139,83.11915887850468,0.4176667895581987,0.8265357358557073,0.8134025182123292,0.8017189282610135,2509868440,63.114754098360656,96.47435897435898,94.19354838709677,43.79310344827586,63.114754098360656,91.6083916083916,99.69969969969969,98.72340425531915,"[[77, 0, 0, 21, 7, 17, 0, 0], [2, 301, 0, 0, 0, 0, 9, 0], [0, 0, 146, 2, 0, 2, 2, 3], [7, 1, 8, 127, 6, 100, 41, 0], [0, 0, 34, 11, 77, 0, 0, 0], [1, 0, 2, 9, 0, 131, 0, 0], [0, 0, 0, 1, 0, 0, 332, 0], [0, 0, 3, 0, 0, 0, 0, 232]]"
140,79.4392523364486,0.5422601479071157,0.7955814555180751,0.7751668767817574,0.7613597896965938,2531393899,97.54098360655738,94.55128205128204,70.3225806451613,55.51724137931034,76.22950819672131,39.16083916083916,89.7897897897898,97.02127659574468,"[[119, 0, 0, 1, 2, 0, 0, 0], [17, 295, 0, 0, 0, 0, 0, 0], [1, 0, 109, 17, 20, 1, 2, 5], [91, 0, 1, 161, 7, 26, 4, 0], [20, 0, 0, 9, 93, 0, 0, 0], [48, 0, 0, 39, 0, 56, 0, 0], [17, 5, 0, 12, 0, 0, 299, 0], [0, 0, 7, 0, 0, 0, 0, 228]]"
141,83.8785046728972,0.3849361901757894,0.8292189385402362,0.8430670434244982,0.8139012821264457,2552919357,88.52459016393442,97.75641025641025,88.38709677419355,35.51724137931034,74.59016393442623,93.00699300699301,98.7987987987988,97.87234042553192,"[[108, 0, 0, 2, 3, 9, 0, 0], [5, 305, 0, 0, 0, 0, 2, 0], [0, 0, 137, 6, 2, 4, 3, 3], [37, 1, 3, 103, 6, 116, 24, 0], [9, 0, 13, 9, 91, 0, 0, 0], [4, 0, 2, 4, 0, 133, 0, 0], [0, 1, 0, 2, 0, 1, 329, 0], [0, 0, 5, 0, 0, 0, 0, 230]]"
142,84.28738317757009,0.39081748781932724,0.8392810771582635,0.8491562680133404,0.8237863694927756,2574444816,80.32786885245902,96.47435897435898,79.35483870967742,37.58620689655172,91.80327868852459,95.1048951048951,99.09909909909909,99.57446808510639,"[[98, 0, 0, 4, 7, 13, 0, 0], [7, 301, 0, 0, 0, 0, 4, 0], [0, 0, 123, 9, 5, 2, 2, 14], [14, 0, 3, 109, 12, 118, 34, 0], [5, 0, 1, 4, 112, 0, 0, 0], [1, 0, 2, 4, 0, 136, 0, 0], [0, 0, 0, 3, 0, 0, 330, 0], [0, 0, 1, 0, 0, 0, 0, 234]]"
143,63.492990654205606,1.1361391831327368,0.5815057788993716,0.5324883062616244,0.488469290167041,2594535242,0.0,86.85897435897436,95.48387096774194,97.24137931034483,8.19672131147541,0.0,52.25225225225225,85.95744680851064,"[[0, 0, 0, 120, 2, 0, 0, 0], [14, 271, 1, 22, 0, 0, 4, 0], [0, 0, 148, 6, 0, 0, 0, 1], [0, 0, 7, 282, 1, 0, 0, 0], [0, 0, 78, 34, 10, 0, 0, 0], [0, 0, 2, 141, 0, 0, 0, 0], [0, 0, 6, 153, 0, 0, 174, 0], [0, 0, 33, 0, 0, 0, 0, 202]]"
144,62.20794392523364,1.3286712412480954,0.6974017319183303,0.6164788418917188,0.5641639338665778,2608885549,100.0,97.43589743589743,72.25806451612902,1.0344827586206897,49.18032786885246,11.188811188811188,68.46846846846847,93.61702127659575,"[[122, 0, 0, 0, 0, 0, 0, 0], [8, 304, 0, 0, 0, 0, 0, 0], [7, 0, 112, 1, 26, 4, 4, 1], [248, 3, 1, 3, 4, 24, 7, 0], [62, 0, 0, 0, 60, 0, 0, 0], [125, 1, 1, 0, 0, 16, 0, 0], [21, 84, 0, 0, 0, 0, 228, 0], [0, 0, 15, 0, 0, 0, 0, 220]]"
145,80.14018691588785,0.5134045989425094,0.8157877592317673,0.8104674224054861,0.77013852901837,2630411010,60.65573770491803,94.55128205128204,80.64516129032258,19.655172413793103,97.54098360655738,97.2027972027972,99.3993993993994,98.72340425531915,"[[74, 0, 0, 2, 11, 34, 1, 0], [5, 295, 0, 0, 0, 0, 12, 0], [0, 0, 125, 6, 10, 3, 4, 7], [11, 0, 4, 57, 26, 155, 37, 0], [1, 0, 0, 2, 119, 0, 0, 0], [0, 0, 2, 2, 0, 139, 0, 0], [0, 0, 0, 1, 0, 1, 331, 0], [0, 0, 3, 0, 0, 0, 0, 232]]"
146,85.22196261682242,0.3669952369398541,0.8583546898967928,0.8016493314304219,0.8140798738364379,2649066409,54.91803278688525,96.47435897435898,83.87096774193549,83.44827586206897,88.52459016393442,37.76223776223776,97.5975975975976,98.72340425531915,"[[67, 0, 0, 45, 10, 0, 0, 0], [5, 301, 0, 1, 0, 0, 5, 0], [0, 0, 130, 12, 7, 0, 1, 5], [5, 0, 3, 242, 13, 16, 11, 0], [0, 0, 2, 12, 108, 0, 0, 0], [1, 0, 2, 86, 0, 54, 0, 0], [0, 0, 0, 8, 0, 0, 325, 0], [0, 0, 3, 0, 0, 0, 0, 232]]"
147,82.71028037383178,0.4335346183291188,0.8338143684068753,0.7791577675425445,0.7662272286832814,2666286777,55.73770491803278,93.91025641025641,92.90322580645162,82.75862068965517,97.54098360655738,11.888111888111888,93.69369369369369,94.8936170212766,"[[68, 0, 0, 40, 14, 0, 0, 0], [13, 293, 0, 2, 0, 0, 4, 0], [0, 0, 144, 5, 5, 0, 0, 1], [7, 0, 9, 240, 26, 4, 4, 0], [0, 0, 2, 1, 119, 0, 0, 0], [1, 0, 2, 123, 0, 17, 0, 0], [0, 0, 1, 19, 1, 0, 312, 0], [0, 0, 12, 0, 0, 0, 0, 223]]"
148,85.6892523364486,0.3898027878668573,0.8394577820723856,0.8292267015435486,0.8289873560146734,2680637083,74.59016393442623,97.75641025641025,74.19354838709677,75.17241379310344,95.08196721311475,54.54545454545454,94.5945945945946,97.44680851063829,"[[91, 0, 0, 24, 7, 0, 0, 0], [6, 305, 0, 1, 0, 0, 0, 0], [0, 0, 115, 11, 22, 2, 2, 3], [14, 1, 2, 218, 20, 31, 4, 0], [4, 0, 0, 2, 116, 0, 0, 0], [2, 0, 1, 62, 0, 78, 0, 0], [2, 0, 0, 16, 0, 0, 315, 0], [0, 0, 6, 0, 0, 0, 0, 229]]"
149,81.25,0.4803713725672828,0.83064378246095,0.8240939943198984,0.7796130081606971,2700727508,64.75409836065575,96.15384615384616,83.87096774193549,20.689655172413794,99.18032786885246,96.5034965034965,99.3993993993994,98.72340425531915,"[[79, 0, 0, 0, 13, 29, 1, 0], [6, 300, 0, 0, 0, 0, 6, 0], [0, 0, 130, 1, 14, 2, 3, 5], [8, 1, 8, 60, 32, 148, 33, 0], [0, 0, 1, 0, 121, 0, 0, 0], [1, 0, 1, 2, 1, 138, 0, 0], [0, 0, 1, 1, 0, 0, 331, 0], [0, 0, 3, 0, 0, 0, 0, 232]]"
150,83.99532710280374,0.4188325747295662,0.8184919936274695,0.8395529496230453,0.8142904177988985,2716512843,95.08196721311475,99.67948717948718,83.87096774193549,42.06896551724138,90.98360655737704,63.63636363636363,97.5975975975976,98.72340425531915,"[[116, 2, 0, 0, 4, 0, 0, 0], [1, 311, 0, 0, 0, 0, 0, 0], [0, 0, 130, 3, 11, 2, 4, 5], [58, 4, 3, 122, 16, 45, 42, 0], [10, 0, 1, 0, 111, 0, 0, 0], [21, 1, 1, 28, 0, 91, 1, 0], [0, 7, 0, 1, 0, 0, 325, 0], [0, 0, 3, 0, 0, 0, 0, 232]]"
151,81.77570093457943,0.46742711436969264,0.8179827329850572,0.8377352965582163,0.7813817446445086,2733733211,92.62295081967213,97.11538461538461,78.70967741935485,21.03448275862069,91.80327868852459,93.00699300699301,97.5975975975976,98.29787234042553,"[[113, 0, 0, 0, 5, 4, 0, 0], [8, 303, 0, 0, 0, 0, 1, 0], [0, 0, 122, 2, 20, 5, 3, 3], [57, 1, 1, 61, 31, 120, 19, 0], [9, 0, 1, 0, 112, 0, 0, 0], [8, 0, 1, 0, 1, 133, 0, 0], [2, 1, 0, 1, 3, 1, 325, 0], [0, 0, 4, 0, 0, 0, 0, 231]]"
152,85.04672897196262,0.36931587548719513,0.8276609129945729,0.8494501942698522,0.8306509084468828,2749518547,88.52459016393442,99.03846153846155,85.16129032258064,44.48275862068966,91.80327868852459,72.72727272727273,99.09909909909909,98.72340425531915,"[[108, 2, 0, 8, 3, 1, 0, 0], [1, 309, 0, 0, 0, 0, 2, 0], [0, 0, 132, 4, 9, 2, 3, 5], [35, 1, 3, 129, 14, 57, 51, 0], [9, 0, 1, 0, 112, 0, 0, 0], [5, 0, 2, 32, 0, 104, 0, 0], [0, 1, 1, 1, 0, 0, 330, 0], [0, 0, 3, 0, 0, 0, 0, 232]]"
153,86.21495327102804,0.3474580201285857,0.8474744078783092,0.8499030039316005,0.8419690428157117,2765303884,69.67213114754098,97.43589743589743,89.6774193548387,58.27586206896552,79.50819672131148,90.9090909090909,96.996996996997,97.44680851063829,"[[85, 0, 0, 21, 5, 11, 0, 0], [5, 304, 0, 1, 0, 0, 2, 0], [0, 0, 139, 9, 2, 2, 0, 3], [11, 1, 5, 169, 8, 86, 10, 0], [3, 0, 8, 14, 97, 0, 0, 0], [1, 0, 2, 10, 0, 130, 0, 0], [0, 1, 1, 8, 0, 0, 323, 0], [0, 0, 6, 0, 0, 0, 0, 229]]"
154,78.85514018691589,0.7813172616340496,0.7607483287021126,0.699869753172921,0.7052821975148649,2781089219,52.459016393442624,92.94871794871796,83.22580645161291,97.58620689655172,47.540983606557376,0.0,90.39039039039038,95.74468085106383,"[[64, 0, 0, 57, 1, 0, 0, 0], [14, 290, 0, 4, 0, 0, 4, 0], [0, 0, 129, 23, 1, 0, 1, 1], [3, 0, 1, 283, 0, 0, 3, 0], [2, 0, 1, 61, 58, 0, 0, 0], [0, 0, 1, 142, 0, 0, 0, 0], [0, 0, 0, 32, 0, 0, 301, 0], [0, 0, 10, 0, 0, 0, 0, 225]]"
155,86.44859813084112,0.3558746744637136,0.8332305436820902,0.8594629328426191,0.8412024510039879,2801179646,86.0655737704918,98.71794871794873,85.80645161290322,55.51724137931034,94.26229508196722,70.62937062937063,96.996996996997,99.57446808510639,"[[105, 1, 0, 4, 6, 6, 0, 0], [2, 308, 0, 0, 0, 0, 2, 0], [0, 0, 133, 4, 8, 1, 0, 9], [31, 2, 7, 161, 25, 55, 9, 0], [5, 0, 2, 0, 115, 0, 0, 0], [3, 0, 2, 37, 0, 101, 0, 0], [0, 3, 0, 3, 3, 0, 323, 1], [0, 0, 1, 0, 0, 0, 0, 234]]"
156,79.6144859813084,0.4924634344599865,0.835837393092651,0.7018139857489452,0.7059342106167125,2816964980,21.311475409836063,97.11538461538461,90.96774193548387,92.06896551724138,51.63934426229508,17.482517482517483,91.29129129129129,99.57446808510639,"[[26, 0, 0, 90, 6, 0, 0, 0], [4, 303, 0, 3, 0, 0, 2, 0], [0, 0, 141, 8, 1, 0, 0, 5], [1, 1, 8, 267, 4, 6, 3, 0], [0, 0, 41, 18, 63, 0, 0, 0], [0, 0, 2, 116, 0, 25, 0, 0], [0, 0, 1, 28, 0, 0, 304, 0], [0, 0, 1, 0, 0, 0, 0, 234]]"
157,69.74299065420561,0.887129999421261,0.7490125686019571,0.6847221617379415,0.6439687686902528,2832750318,99.18032786885246,94.87179487179486,48.38709677419355,15.862068965517242,78.68852459016394,23.776223776223777,88.28828828828829,98.72340425531915,"[[121, 0, 0, 0, 1, 0, 0, 0], [16, 296, 0, 0, 0, 0, 0, 0], [7, 0, 75, 5, 55, 1, 5, 7], [200, 1, 1, 46, 16, 18, 8, 0], [26, 0, 0, 0, 96, 0, 0, 0], [95, 1, 0, 13, 0, 34, 0, 0], [22, 13, 0, 3, 1, 0, 294, 0], [0, 0, 1, 0, 2, 0, 0, 232]]"
158,76.51869158878505,0.6027947614590327,0.6874450559670846,0.6533196968662507,0.6327451241643309,2852840746,0.0,92.3076923076923,92.90322580645162,88.27586206896552,21.311475409836063,34.96503496503497,94.5945945945946,98.29787234042553,"[[0, 0, 0, 116, 6, 0, 0, 0], [4, 288, 0, 8, 0, 0, 12, 0], [0, 0, 144, 7, 0, 0, 1, 3], [0, 0, 9, 256, 4, 17, 4, 0], [0, 0, 83, 13, 26, 0, 0, 0], [0, 0, 2, 91, 0, 50, 0, 0], [0, 0, 2, 16, 0, 0, 315, 0], [0, 0, 4, 0, 0, 0, 0, 231]]"
159,83.82009345794393,0.4282274367632689,0.8275522461670449,0.815026148637825,0.8164566021781599,2870061110,86.0655737704918,99.35897435897436,75.48387096774194,54.82758620689655,77.04918032786885,61.53846153846154,99.3993993993994,98.29787234042553,"[[105, 5, 0, 7, 2, 3, 0, 0], [0, 310, 0, 0, 0, 0, 2, 0], [0, 0, 117, 14, 9, 1, 8, 6], [31, 6, 0, 159, 4, 35, 55, 0], [12, 0, 0, 16, 94, 0, 0, 0], [5, 1, 1, 47, 0, 88, 1, 0], [0, 1, 0, 1, 0, 0, 331, 0], [0, 0, 4, 0, 0, 0, 0, 231]]"
160,80.19859813084112,0.517532536553012,0.806310169459505,0.789127666580462,0.768697493463111,2884411416,100.0,99.03846153846155,78.70967741935485,35.86206896551724,64.75409836065575,57.34265734265735,97.2972972972973,98.29787234042553,"[[122, 0, 0, 0, 0, 0, 0, 0], [3, 309, 0, 0, 0, 0, 0, 0], [2, 0, 122, 12, 9, 2, 6, 2], [108, 2, 2, 104, 4, 47, 23, 0], [34, 0, 0, 9, 79, 0, 0, 0], [46, 1, 1, 13, 0, 82, 0, 0], [4, 5, 0, 0, 0, 0, 324, 0], [0, 0, 4, 0, 0, 0, 0, 231]]"
161,79.08878504672897,0.6150862552501537,0.7313549643510411,0.6979446432448484,0.6809074694151591,2903066813,0.0,90.38461538461539,90.96774193548387,90.3448275862069,76.22950819672131,15.384615384615385,97.5975975975976,97.44680851063829,"[[0, 0, 0, 114, 8, 0, 0, 0], [2, 282, 0, 11, 0, 1, 16, 0], [0, 0, 141, 11, 1, 0, 0, 2], [0, 0, 4, 262, 8, 6, 10, 0], [0, 0, 14, 15, 93, 0, 0, 0], [0, 0, 2, 119, 0, 22, 0, 0], [0, 0, 0, 8, 0, 0, 325, 0], [0, 0, 6, 0, 0, 0, 0, 229]]"
162,80.4322429906542,0.49223851246966255,0.7954112069384873,0.7122029542379835,0.7044322076852318,2923157239,2.459016393442623,95.83333333333334,92.25806451612904,81.72413793103448,42.62295081967213,57.34265734265735,98.7987987987988,98.72340425531915,"[[3, 0, 0, 109, 5, 4, 1, 0], [2, 299, 0, 3, 0, 0, 8, 0], [0, 0, 143, 10, 0, 0, 0, 2], [0, 1, 5, 237, 2, 30, 15, 0], [0, 0, 43, 27, 52, 0, 0, 0], [0, 0, 2, 59, 0, 82, 0, 0], [0, 0, 1, 3, 0, 0, 329, 0], [0, 0, 3, 0, 0, 0, 0, 232]]"
163,82.24299065420561,0.46140745364957386,0.82461133541234,0.8381051979340239,0.7941380041080168,2938942572,82.78688524590164,97.75641025641025,90.96774193548387,23.79310344827586,83.60655737704919,96.5034965034965,95.4954954954955,99.57446808510639,"[[101, 1, 0, 0, 5, 15, 0, 0], [5, 305, 0, 0, 0, 1, 1, 0], [0, 0, 141, 1, 3, 4, 0, 6], [23, 0, 17, 69, 16, 156, 9, 0], [6, 0, 14, 0, 102, 0, 0, 0], [2, 0, 2, 1, 0, 138, 0, 0], [0, 3, 3, 6, 1, 2, 318, 0], [0, 0, 1, 0, 0, 0, 0, 234]]"
164,82.4766355140187,0.4309300416045719,0.8368308328247327,0.7706048998635471,0.7718770048561716,2956162940,72.95081967213115,96.47435897435898,83.87096774193549,90.6896551724138,77.04918032786885,10.48951048951049,87.08708708708708,97.87234042553192,"[[89, 0, 0, 29, 4, 0, 0, 0], [11, 301, 0, 0, 0, 0, 0, 0], [0, 0, 130, 14, 8, 0, 0, 3], [10, 0, 2, 263, 6, 8, 1, 0], [4, 0, 1, 23, 94, 0, 0, 0], [1, 0, 2, 125, 0, 15, 0, 0], [0, 3, 1, 39, 0, 0, 290, 0], [0, 0, 5, 0, 0, 0, 0, 230]]"
165,80.19859813084112,0.47773134653215055,0.8178873272736226,0.7796104743010565,0.7544780881653893,2977688396,31.967213114754102,96.7948717948718,92.25806451612904,34.48275862068966,75.40983606557377,95.8041958041958,99.09909909909909,97.87234042553192,"[[39, 0, 0, 8, 12, 62, 1, 0], [1, 302, 0, 0, 0, 0, 9, 0], [0, 0, 143, 3, 1, 2, 2, 4], [3, 1, 9, 100, 15, 133, 29, 0], [0, 0, 25, 5, 92, 0, 0, 0], [0, 0, 2, 4, 0, 137, 0, 0], [0, 0, 0, 3, 0, 0, 330, 0], [0, 0, 5, 0, 0, 0, 0, 230]]"
166,84.28738317757009,0.39926398435124644,0.8259033484372378,0.8406001124365263,0.8169182099163079,2994908764,77.8688524590164,98.07692307692307,70.96774193548387,44.827586206896555,100.0,83.21678321678321,98.7987987987988,98.72340425531915,"[[95, 1, 0, 8, 12, 6, 0, 0], [1, 306, 0, 0, 0, 0, 5, 0], [0, 0, 110, 6, 28, 2, 4, 5], [21, 2, 1, 130, 32, 74, 30, 0], [0, 0, 0, 0, 122, 0, 0, 0], [4, 0, 1, 18, 1, 119, 0, 0], [0, 1, 0, 3, 0, 0, 329, 0], [0, 0, 3, 0, 0, 0, 0, 232]]"
167,81.07476635514018,0.49158878596844496,0.8170164047945556,0.8259626457420675,0.782193591011247,3014999193,99.18032786885246,98.3974358974359,83.87096774193549,25.17241379310345,77.8688524590164,85.3146853146853,93.09309309309309,97.87234042553192,"[[121, 1, 0, 0, 0, 0, 0, 0], [5, 307, 0, 0, 0, 0, 0, 0], [1, 0, 130, 6, 9, 5, 1, 3], [85, 2, 2, 73, 7, 103, 18, 0], [24, 0, 2, 1, 95, 0, 0, 0], [17, 1, 1, 2, 0, 122, 0, 0], [4, 18, 0, 0, 0, 1, 310, 0], [0, 0, 5, 0, 0, 0, 0, 230]]"
168,76.98598130841121,0.5444658765638316,0.8153797491111141,0.6523140588749072,0.6345021233871584,3036524653,5.737704918032787,94.55128205128204,88.38709677419355,96.55172413793103,40.98360655737705,2.797202797202797,93.69369369369369,99.14893617021276,"[[7, 0, 0, 112, 3, 0, 0, 0], [8, 295, 0, 6, 0, 0, 3, 0], [0, 0, 137, 13, 0, 0, 0, 5], [1, 0, 4, 280, 2, 0, 3, 0], [0, 0, 36, 36, 50, 0, 0, 0], [0, 0, 2, 137, 0, 4, 0, 0], [0, 0, 1, 20, 0, 0, 312, 0], [0, 0, 2, 0, 0, 0, 0, 233]]"
169,81.71728971962617,0.48607908879165296,0.8230701762141777,0.8313090106184837,0.7865568242835366,3053745019,72.95081967213115,99.03846153846155,84.51612903225806,19.655172413793103,98.36065573770492,94.4055944055944,99.09909909909909,97.02127659574468,"[[89, 5, 0, 2, 10, 13, 3, 0], [0, 309, 0, 0, 0, 0, 3, 0], [0, 0, 131, 1, 17, 2, 3, 1], [16, 2, 1, 57, 34, 114, 66, 0], [2, 0, 0, 0, 120, 0, 0, 0], [1, 1, 1, 4, 0, 135, 1, 0], [0, 1, 1, 1, 0, 0, 330, 0], [0, 0, 7, 0, 0, 0, 0, 228]]"
170,84.81308411214954,0.343176679616725,0.8461416936136147,0.7981780203764575,0.7902731224956827,3073835447,81.9672131147541,97.11538461538461,83.22580645161291,84.48275862068965,86.0655737704918,9.79020979020979,97.5975975975976,98.29787234042553,"[[100, 0, 0, 18, 4, 0, 0, 0], [6, 303, 0, 1, 0, 0, 2, 0], [0, 0, 129, 12, 10, 0, 1, 3], [16, 1, 3, 245, 7, 6, 12, 0], [4, 0, 0, 13, 105, 0, 0, 0], [1, 0, 2, 126, 0, 14, 0, 0], [0, 0, 1, 7, 0, 0, 325, 0], [0, 0, 4, 0, 0, 0, 0, 231]]"
171,76.16822429906541,0.6675875694663437,0.7115069786918417,0.649097818345969,0.6239326575253279,3088185753,2.459016393442623,94.23076923076923,94.19354838709677,96.55172413793103,45.08196721311475,0.0,88.88888888888889,97.87234042553192,"[[3, 0, 0, 118, 1, 0, 0, 0], [2, 294, 0, 9, 0, 0, 7, 0], [0, 0, 146, 7, 1, 0, 0, 1], [0, 0, 4, 280, 3, 0, 3, 0], [0, 0, 33, 34, 55, 0, 0, 0], [0, 0, 2, 141, 0, 0, 0, 0], [0, 0, 1, 36, 0, 0, 296, 0], [0, 0, 5, 0, 0, 0, 0, 230]]"
172,85.57242990654206,0.36143244333841185,0.833577155362546,0.8538917540444642,0.832589305111018,3106841151,86.88524590163934,97.43589743589743,77.41935483870968,49.6551724137931,91.80327868852459,82.51748251748252,99.09909909909909,98.29787234042553,"[[106, 1, 0, 6, 5, 4, 0, 0], [5, 304, 0, 0, 0, 0, 3, 0], [0, 0, 120, 5, 19, 2, 5, 4], [37, 1, 1, 144, 16, 58, 33, 0], [7, 0, 0, 3, 112, 0, 0, 0], [8, 0, 1, 15, 1, 118, 0, 0], [0, 1, 0, 2, 0, 0, 330, 0], [0, 0, 4, 0, 0, 0, 0, 231]]"
173,81.07476635514018,0.4708095363996647,0.8094697061072398,0.8318416612200366,0.7787049881306927,3128366611,90.98360655737704,92.94871794871796,80.0,22.413793103448278,92.62295081967213,90.9090909090909,97.2972972972973,98.29787234042553,"[[111, 0, 0, 1, 5, 5, 0, 0], [20, 290, 0, 0, 0, 0, 2, 0], [0, 0, 124, 3, 13, 6, 2, 7], [50, 0, 3, 65, 25, 127, 20, 0], [8, 0, 1, 0, 113, 0, 0, 0], [11, 0, 1, 0, 1, 130, 0, 0], [2, 0, 0, 3, 3, 1, 324, 0], [0, 0, 4, 0, 0, 0, 0, 231]]"
174,85.98130841121495,0.3454739968809817,0.854549526866768,0.8178465574140845,0.8288761025556025,3145586979,63.934426229508205,97.43589743589743,90.32258064516128,82.41379310344827,81.14754098360656,45.45454545454545,93.993993993994,99.57446808510639,"[[78, 0, 0, 36, 8, 0, 0, 0], [5, 304, 0, 1, 0, 0, 2, 0], [0, 0, 140, 4, 2, 2, 0, 7], [7, 1, 5, 239, 10, 25, 3, 0], [0, 0, 11, 12, 99, 0, 0, 0], [1, 0, 2, 75, 0, 65, 0, 0], [0, 0, 1, 18, 1, 0, 313, 0], [0, 0, 1, 0, 0, 0, 0, 234]]"
175,77.97897196261682,0.6123603427851642,0.7400517551502916,0.6925086597901942,0.6825004525506951,3159937285,18.852459016393443,91.98717948717949,88.38709677419355,96.20689655172414,74.59016393442623,0.0,87.38738738738738,96.59574468085106,"[[23, 0, 0, 93, 6, 0, 0, 0], [7, 287, 0, 9, 0, 0, 9, 0], [0, 0, 137, 15, 2, 0, 0, 1], [0, 0, 2, 279, 7, 0, 2, 0], [0, 0, 7, 24, 91, 0, 0, 0], [0, 0, 2, 141, 0, 0, 0, 0], [0, 0, 1, 41, 0, 0, 291, 0], [0, 0, 8, 0, 0, 0, 0, 227]]"
176,84.11214953271028,0.38952740709538813,0.8144788127596015,0.8555820855295724,0.8165254717229045,3177157654,84.42622950819673,97.75641025641025,91.61290322580645,38.62068965517241,92.62295081967213,88.81118881118881,91.8918918918919,98.72340425531915,"[[103, 1, 0, 2, 11, 5, 0, 0], [6, 305, 0, 0, 0, 0, 1, 0], [0, 0, 142, 3, 3, 2, 0, 5], [39, 1, 11, 112, 31, 92, 4, 0], [2, 0, 7, 0, 113, 0, 0, 0], [9, 0, 2, 4, 1, 127, 0, 0], [3, 6, 1, 15, 2, 0, 306, 0], [0, 0, 3, 0, 0, 0, 0, 232]]"
177,76.57710280373831,0.7783057526857765,0.6550407649723564,0.6458203565846434,0.6283567143872103,3198683111,0.0,95.1923076923077,82.58064516129032,97.58620689655172,49.18032786885246,0.0,93.3933933933934,98.72340425531915,"[[0, 0, 0, 121, 1, 0, 0, 0], [4, 297, 0, 7, 0, 0, 4, 0], [0, 0, 128, 20, 1, 0, 1, 5], [0, 0, 2, 283, 2, 0, 3, 0], [0, 0, 6, 56, 60, 0, 0, 0], [0, 0, 1, 142, 0, 0, 0, 0], [0, 0, 0, 22, 0, 0, 311, 0], [0, 0, 3, 0, 0, 0, 0, 232]]"
178,73.71495327102804,0.6670354218394668,0.7571370526557635,0.6728148389533355,0.6515361250798775,3214468445,18.0327868852459,94.23076923076923,97.41935483870968,69.6551724137931,78.68852459016394,12.587412587412588,86.78678678678679,80.85106382978722,"[[22, 0, 0, 73, 27, 0, 0, 0], [7, 294, 0, 5, 1, 0, 5, 0], [0, 0, 151, 2, 1, 0, 0, 1], [1, 0, 51, 202, 27, 6, 3, 0], [0, 0, 26, 0, 96, 0, 0, 0], [0, 0, 8, 117, 0, 18, 0, 0], [0, 0, 18, 24, 2, 0, 289, 0], [0, 0, 45, 0, 0, 0, 0, 190]]"
179,76.86915887850468,0.6461918687930813,0.773811070810922,0.7767155199321926,0.7095273575777277,3233123839,90.98360655737704,99.03846153846155,53.5483870967742,10.344827586206897,99.18032786885246,70.62937062937063,98.49849849849849,99.14893617021276,"[[111, 1, 0, 0, 10, 0, 0, 0], [2, 309, 0, 0, 0, 0, 1, 0], [0, 0, 83, 0, 62, 2, 3, 5], [72, 2, 1, 30, 68, 72, 45, 0], [1, 0, 0, 0, 121, 0, 0, 0], [33, 0, 1, 5, 2, 101, 1, 0], [2, 1, 0, 0, 2, 0, 328, 0], [0, 0, 1, 0, 1, 0, 0, 233]]"
180,86.09813084112149,0.350958000316664,0.8512695721879604,0.8268674969890021,0.8312676288574543,3253214265,74.59016393442623,95.51282051282051,94.83870967741936,81.03448275862068,81.9672131147541,41.25874125874126,93.993993993994,98.29787234042553,"[[91, 0, 0, 28, 3, 0, 0, 0], [11, 298, 0, 1, 0, 0, 2, 0], [0, 0, 147, 3, 2, 1, 0, 2], [10, 0, 8, 235, 12, 20, 5, 0], [2, 0, 14, 6, 100, 0, 0, 0], [1, 0, 3, 80, 0, 59, 0, 0], [1, 0, 1, 18, 0, 0, 313, 0], [0, 0, 4, 0, 0, 0, 0, 231]]"
181,83.29439252336448,0.42906413116940745,0.8164636962153382,0.8311637179333959,0.8115333143040455,3274739724,90.1639344262295,98.07692307692307,78.06451612903226,39.6551724137931,94.26229508196722,65.73426573426573,99.3993993993994,99.57446808510639,"[[110, 1, 0, 4, 4, 1, 2, 0], [1, 306, 0, 0, 0, 0, 5, 0], [0, 0, 121, 7, 12, 2, 2, 11], [44, 1, 1, 115, 17, 40, 72, 0], [6, 0, 0, 1, 115, 0, 0, 0], [10, 0, 1, 33, 1, 94, 4, 0], [0, 0, 0, 1, 0, 0, 331, 1], [0, 0, 1, 0, 0, 0, 0, 234]]"
182,85.10514018691589,0.3941735727367578,0.8264210198503829,0.846706144519343,0.8249856226760308,3290525061,84.42622950819673,97.75641025641025,78.70967741935485,52.06896551724138,100.0,67.83216783216784,96.996996996997,99.57446808510639,"[[103, 1, 0, 6, 11, 1, 0, 0], [5, 305, 0, 1, 0, 0, 1, 0], [0, 0, 122, 1, 18, 2, 0, 12], [28, 1, 2, 151, 54, 41, 13, 0], [0, 0, 0, 0, 122, 0, 0, 0], [4, 0, 2, 38, 2, 97, 0, 0], [0, 0, 0, 3, 6, 0, 323, 1], [0, 0, 1, 0, 0, 0, 0, 234]]"
183,83.99532710280374,0.3995683532622125,0.8278956267476152,0.8547233775797707,0.8119641434370015,3310615490,91.80327868852459,97.11538461538461,76.77419354838709,33.10344827586207,95.90163934426229,91.6083916083916,97.8978978978979,99.57446808510639,"[[112, 0, 0, 1, 4, 5, 0, 0], [7, 303, 0, 1, 0, 0, 1, 0], [0, 0, 119, 6, 17, 4, 0, 9], [52, 0, 1, 96, 24, 100, 17, 0], [5, 0, 0, 0, 117, 0, 0, 0], [8, 0, 1, 2, 1, 131, 0, 0], [0, 1, 0, 3, 2, 0, 326, 1], [0, 0, 1, 0, 0, 0, 0, 234]]"
184,84.40420560747664,0.40646740159502737,0.8440045465014774,0.8609430746882344,0.8243984469584238,3329270885,82.78688524590164,96.47435897435898,93.54838709677419,31.724137931034484,92.62295081967213,96.5034965034965,98.49849849849849,96.59574468085106,"[[101, 0, 0, 2, 5, 14, 0, 0], [7, 301, 0, 1, 0, 0, 3, 0], [0, 0, 145, 3, 4, 2, 0, 1], [17, 0, 4, 92, 16, 137, 24, 0], [4, 0, 4, 1, 113, 0, 0, 0], [1, 0, 1, 2, 1, 138, 0, 0], [0, 0, 1, 3, 1, 0, 328, 0], [0, 0, 8, 0, 0, 0, 0, 227]]"
185,80.14018691588785,0.5459885685532181,0.7529366919952867,0.7191612786995164,0.7107963447111063,3343621192,31.147540983606557,90.38461538461539,85.16129032258064,94.82758620689656,81.9672131147541,0.0,96.09609609609609,95.74468085106383,"[[38, 0, 0, 78, 6, 0, 0, 0], [6, 282, 0, 5, 0, 0, 19, 0], [0, 0, 132, 14, 7, 0, 1, 1], [0, 0, 3, 275, 5, 0, 7, 0], [0, 0, 1, 21, 100, 0, 0, 0], [0, 0, 2, 141, 0, 0, 0, 0], [0, 0, 0, 13, 0, 0, 320, 0], [0, 0, 10, 0, 0, 0, 0, 225]]"
186,85.33878504672897,0.37308701776244024,0.839136905862135,0.8587367857174677,0.8358336829704135,3357971498,89.34426229508196,97.43589743589743,83.87096774193549,48.275862068965516,82.78688524590164,92.3076923076923,93.3933933933934,99.57446808510639,"[[109, 1, 0, 2, 2, 8, 0, 0], [6, 304, 0, 0, 0, 1, 1, 0], [0, 0, 130, 7, 4, 2, 0, 12], [34, 0, 3, 140, 10, 99, 4, 0], [10, 0, 2, 9, 101, 0, 0, 0], [2, 0, 1, 7, 1, 132, 0, 0], [2, 3, 0, 15, 0, 1, 311, 1], [0, 0, 1, 0, 0, 0, 0, 234]]"
187,83.8785046728972,0.3969383940652565,0.8202993945641739,0.8492954711474965,0.8104321526948324,3379496958,90.1639344262295,98.07692307692307,79.35483870967742,34.82758620689655,95.90163934426229,84.61538461538461,98.1981981981982,98.29787234042553,"[[110, 2, 0, 1, 7, 2, 0, 0], [5, 306, 0, 0, 0, 0, 1, 0], [0, 0, 123, 3, 21, 2, 2, 4], [45, 2, 1, 101, 30, 86, 25, 0], [5, 0, 0, 0, 117, 0, 0, 0], [10, 1, 1, 10, 0, 121, 0, 0], [1, 3, 0, 2, 0, 0, 327, 0], [0, 0, 4, 0, 0, 0, 0, 231]]"
188,83.41121495327103,0.4238737054445125,0.8470519389809466,0.8292895048208232,0.8063556566237211,3395282295,50.81967213114754,97.43589743589743,90.32258064516128,37.93103448275862,92.62295081967213,97.2027972027972,98.7987987987988,98.29787234042553,"[[62, 0, 0, 6, 9, 45, 0, 0], [5, 304, 0, 0, 0, 0, 3, 0], [0, 0, 140, 4, 5, 2, 2, 2], [3, 1, 4, 110, 17, 139, 16, 0], [0, 0, 6, 3, 113, 0, 0, 0], [0, 0, 2, 2, 0, 139, 0, 0], [0, 0, 0, 4, 0, 0, 329, 0], [0, 0, 4, 0, 0, 0, 0, 231]]"
189,83.23598130841121,0.4454382586258429,0.8164051976868394,0.8395054212766035,0.8087782078598766,3409632601,98.36065573770492,98.07692307692307,76.12903225806451,44.48275862068966,90.1639344262295,74.12587412587412,90.69069069069069,99.57446808510639,"[[120, 0, 0, 0, 2, 0, 0, 0], [6, 306, 0, 0, 0, 0, 0, 0], [0, 0, 118, 6, 14, 2, 2, 13], [69, 1, 1, 129, 21, 59, 10, 0], [12, 0, 0, 0, 110, 0, 0, 0], [19, 0, 1, 16, 1, 106, 0, 0], [4, 17, 0, 7, 2, 0, 302, 1], [0, 0, 1, 0, 0, 0, 0, 234]]"
190,84.11214953271028,0.401415943271584,0.8467714823115353,0.7967126089251741,0.8018028617381285,3423982910,31.147540983606557,95.51282051282051,86.45161290322581,69.6551724137931,79.50819672131148,77.62237762237763,97.8978978978979,99.57446808510639,"[[38, 0, 0, 64, 6, 14, 0, 0], [4, 298, 0, 4, 0, 0, 6, 0], [0, 0, 134, 10, 3, 1, 2, 5], [1, 1, 2, 202, 6, 68, 10, 0], [0, 0, 4, 21, 97, 0, 0, 0], [0, 0, 2, 30, 0, 111, 0, 0], [0, 0, 0, 6, 1, 0, 326, 0], [0, 0, 1, 0, 0, 0, 0, 234]]"
191,72.02102803738318,0.785110291507509,0.752260893110508,0.7022793702773296,0.6701893410581121,3445508367,100.0,98.3974358974359,70.96774193548387,21.03448275862069,68.85245901639344,15.384615384615385,88.88888888888889,98.29787234042553,"[[122, 0, 0, 0, 0, 0, 0, 0], [5, 307, 0, 0, 0, 0, 0, 0], [2, 0, 110, 15, 23, 0, 2, 3], [197, 2, 1, 61, 7, 14, 8, 0], [36, 0, 0, 2, 84, 0, 0, 0], [91, 1, 1, 28, 0, 22, 0, 0], [20, 15, 0, 2, 0, 0, 296, 0], [0, 0, 4, 0, 0, 0, 0, 231]]"
192,86.03971962616822,0.38236003507066657,0.8423652609456853,0.8451955061622607,0.8325191432956704,3467033827,56.557377049180324,97.43589743589743,87.09677419354838,58.9655172413793,98.36065573770492,81.11888111888112,97.8978978978979,98.72340425531915,"[[69, 0, 0, 27, 19, 7, 0, 0], [4, 304, 0, 2, 0, 0, 2, 0], [0, 0, 135, 2, 10, 2, 1, 5], [5, 1, 4, 171, 31, 65, 13, 0], [0, 0, 2, 0, 120, 0, 0, 0], [1, 0, 1, 24, 1, 116, 0, 0], [0, 0, 0, 4, 2, 0, 326, 1], [0, 0, 3, 0, 0, 0, 0, 232]]"
193,65.1285046728972,1.1834489361003593,0.7464740537923957,0.6527104825161385,0.6125832007897312,3481384132,100.0,89.1025641025641,50.32258064516129,4.137931034482759,58.19672131147541,43.35664335664335,77.47747747747748,99.57446808510639,"[[122, 0, 0, 0, 0, 0, 0, 0], [33, 278, 0, 0, 0, 0, 0, 1], [5, 0, 78, 3, 31, 5, 2, 31], [229, 0, 1, 12, 7, 34, 7, 0], [51, 0, 0, 0, 71, 0, 0, 0], [79, 1, 1, 0, 0, 62, 0, 0], [39, 34, 0, 0, 1, 0, 258, 1], [0, 0, 1, 0, 0, 0, 0, 234]]"
194,66.47196261682242,0.9118634048435423,0.6393162202133817,0.6111569372973161,0.5666973166500779,3495734439,0.0,84.61538461538461,91.61290322580645,63.793103448275865,51.63934426229508,81.11888111888112,96.996996996997,19.148936170212767,"[[0, 0, 0, 95, 7, 20, 0, 0], [0, 264, 0, 10, 0, 0, 38, 0], [0, 0, 142, 7, 1, 2, 3, 0], [0, 0, 7, 185, 5, 80, 13, 0], [0, 0, 39, 20, 63, 0, 0, 0], [0, 0, 2, 25, 0, 116, 0, 0], [0, 0, 0, 10, 0, 0, 323, 0], [0, 0, 188, 0, 0, 0, 2, 45]]"
195,83.99532710280374,0.39141281970121244,0.8415801556357667,0.7973276393079656,0.7729663534668367,3511519776,82.78688524590164,97.75641025641025,78.70967741935485,79.3103448275862,98.36065573770492,6.293706293706294,95.4954954954955,99.14893617021276,"[[101, 1, 0, 11, 9, 0, 0, 0], [6, 305, 0, 0, 0, 0, 1, 0], [0, 0, 122, 10, 16, 0, 2, 5], [25, 1, 1, 230, 23, 2, 8, 0], [1, 0, 0, 1, 120, 0, 0, 0], [7, 0, 2, 125, 0, 9, 0, 0], [0, 3, 0, 11, 0, 0, 318, 1], [0, 0, 2, 0, 0, 0, 0, 233]]"
196,76.69392523364486,0.6374470503241928,0.7015873092147455,0.662843823803448,0.6426772686721546,3531610204,2.459016393442623,95.83333333333334,90.32258064516128,96.55172413793103,61.47540983606557,0.0,86.18618618618619,97.44680851063829,"[[3, 0, 0, 117, 2, 0, 0, 0], [3, 299, 0, 8, 0, 0, 2, 0], [0, 0, 140, 13, 1, 0, 0, 1], [1, 0, 5, 280, 3, 0, 1, 0], [0, 0, 14, 33, 75, 0, 0, 0], [0, 0, 2, 141, 0, 0, 0, 0], [0, 0, 1, 45, 0, 0, 287, 0], [0, 0, 6, 0, 0, 0, 0, 229]]"
197,82.8855140186916,0.4212475297627626,0.8490558007090506,0.8186799179677171,0.7998226866657709,3550265601,45.90163934426229,98.71794871794873,88.38709677419355,36.896551724137936,90.1639344262295,96.5034965034965,98.7987987987988,99.57446808510639,"[[56, 1, 0, 6, 8, 51, 0, 0], [2, 308, 0, 1, 0, 0, 1, 0], [0, 0, 137, 4, 5, 2, 1, 6], [3, 1, 3, 107, 11, 149, 16, 0], [1, 0, 3, 8, 110, 0, 0, 0], [0, 0, 2, 3, 0, 138, 0, 0], [0, 1, 0, 3, 0, 0, 329, 0], [0, 0, 1, 0, 0, 0, 0, 234]]"
198,81.19158878504673,0.48896784914864433,0.8757317402305363,0.7544179911060641,0.7428997488869478,3564615907,58.19672131147541,94.87179487179486,85.16129032258064,93.44827586206897,88.52459016393442,0.6993006993006993,83.48348348348348,99.14893617021276,"[[71, 0, 0, 42, 9, 0, 0, 0], [13, 296, 0, 2, 0, 0, 1, 0], [0, 0, 132, 12, 5, 0, 0, 6], [5, 0, 3, 271, 10, 0, 1, 0], [0, 0, 3, 11, 108, 0, 0, 0], [1, 0, 2, 139, 0, 1, 0, 0], [0, 1, 1, 53, 0, 0, 278, 0], [0, 0, 2, 0, 0, 0, 0, 233]]"
199,83.17757009345794,0.4290515681107839,0.8547058505334244,0.7704988856309363,0.7650946314317906,3584706337,50.0,97.11538461538461,96.7741935483871,87.58620689655172,85.24590163934425,10.48951048951049,94.29429429429429,94.8936170212766,"[[61, 0, 0, 52, 9, 0, 0, 0], [4, 303, 0, 2, 0, 0, 3, 0], [0, 0, 150, 3, 1, 0, 0, 1], [4, 1, 12, 254, 12, 3, 4, 0], [0, 0, 13, 5, 104, 0, 0, 0], [1, 0, 4, 123, 0, 15, 0, 0], [0, 0, 1, 18, 0, 0, 314, 0], [0, 0, 12, 0, 0, 0, 0, 223]]"
200,81.25,0.49241103535449066,0.8068170865964368,0.8075974823093638,0.7793856838728647,3604796764,99.18032786885246,98.07692307692307,70.96774193548387,36.55172413793103,86.88524590163934,56.64335664335665,98.1981981981982,99.57446808510639,"[[121, 0, 0, 0, 1, 0, 0, 0], [5, 306, 0, 0, 0, 0, 1, 0], [1, 0, 110, 6, 19, 2, 5, 12], [106, 1, 1, 106, 15, 34, 27, 0], [16, 0, 0, 0, 106, 0, 0, 0], [35, 1, 2, 24, 0, 81, 0, 0], [4, 1, 0, 0, 0, 0, 327, 1], [0, 0, 1, 0, 0, 0, 0, 234]]"
