Round,Accuracy,Loss,Precision,Recall,F1-Score,Communication_Cost,Class_0_Accuracy,Class_1_Accuracy,Class_2_Accuracy,Class_3_Accuracy,Class_4_Accuracy,Class_5_Accuracy,Class_6_Accuracy,Class_7_Accuracy,Class_8_Accuracy,Class_9_Accuracy,Confusion_Matrix
1,37.59,1.997557278258351,0.3066394721118221,0.36275764364216323,0.24953322281377419,3831744,99.59183673469387,89.0748898678414,0.0,2.6732673267326734,0.0,0.0,0.0,81.03112840466926,0.0,90.38652130822597,"[[976, 0, 0, 0, 0, 0, 0, 1, 0, 3], [29, 1011, 0, 0, 0, 0, 0, 82, 0, 13], [859, 46, 0, 0, 1, 0, 0, 45, 0, 81], [768, 16, 0, 27, 0, 0, 0, 92, 0, 107], [25, 0, 0, 0, 0, 0, 0, 6, 0, 951], [644, 20, 0, 1, 0, 0, 0, 62, 0, 165], [571, 27, 0, 0, 0, 0, 0, 4, 0, 356], [55, 4, 0, 0, 0, 0, 0, 833, 0, 136], [706, 2, 0, 0, 0, 0, 0, 47, 0, 219], [55, 0, 0, 0, 0, 0, 0, 42, 0, 912]]"
2,55.04,1.5723848472388027,0.4974343614900773,0.5450550543900132,0.45702018581622966,8142456,96.83673469387755,98.06167400881057,0.0,78.21782178217822,94.19551934826885,38.56502242152467,0.10438413361169101,50.778210116731515,88.29568788501027,0.0,"[[949, 1, 0, 0, 4, 0, 0, 1, 25, 0], [0, 1113, 0, 2, 0, 0, 0, 0, 20, 0], [225, 104, 0, 125, 54, 0, 2, 4, 518, 0], [47, 48, 0, 790, 9, 6, 0, 4, 106, 0], [10, 14, 0, 1, 925, 0, 0, 0, 32, 0], [102, 74, 0, 150, 74, 344, 0, 0, 148, 0], [253, 61, 0, 0, 220, 29, 1, 0, 394, 0], [26, 63, 0, 4, 294, 0, 0, 522, 119, 0], [47, 29, 0, 10, 27, 1, 0, 0, 860, 0], [31, 28, 0, 6, 887, 3, 0, 1, 53, 0]]"
3,56.58,1.254390443095003,0.543731495457773,0.5623738170060056,0.4730727843561275,12453168,98.87755102040816,97.88546255506608,7.3643410852713185,92.47524752475248,96.94501018329939,75.7847533632287,0.0,62.54863813229572,30.49281314168378,0.0,"[[969, 1, 0, 0, 2, 6, 0, 1, 1, 0], [0, 1111, 0, 10, 0, 7, 0, 0, 7, 0], [164, 64, 76, 559, 60, 16, 0, 11, 82, 0], [13, 12, 0, 934, 8, 36, 0, 3, 4, 0], [9, 7, 0, 4, 952, 9, 0, 0, 1, 0], [49, 25, 0, 99, 42, 676, 0, 1, 0, 0], [286, 33, 0, 3, 365, 266, 0, 0, 5, 0], [27, 60, 0, 43, 228, 5, 0, 643, 22, 0], [80, 25, 0, 91, 48, 432, 0, 1, 297, 0], [31, 14, 0, 8, 894, 55, 0, 5, 2, 0]]"
4,52.98,1.21050663040088,0.5543489869363626,0.5220236459216733,0.4519043517976636,16284912,97.55102040816327,98.32599118942731,8.236434108527131,98.31683168316832,96.13034623217924,33.6322869955157,0.0,53.793774319066145,36.03696098562628,0.0,"[[956, 1, 0, 17, 3, 0, 0, 1, 2, 0], [0, 1116, 0, 19, 0, 0, 0, 0, 0, 0], [52, 35, 85, 797, 46, 1, 0, 7, 9, 0], [0, 7, 1, 993, 7, 0, 0, 2, 0, 0], [4, 17, 1, 16, 944, 0, 0, 0, 0, 0], [29, 48, 0, 467, 45, 300, 0, 0, 3, 0], [224, 66, 29, 75, 471, 78, 0, 0, 15, 0], [13, 80, 1, 199, 178, 0, 0, 553, 4, 0], [19, 57, 0, 479, 54, 14, 0, 0, 351, 0], [21, 36, 0, 64, 884, 1, 0, 3, 0, 0]]"
5,68.35,0.8477319247615985,0.7819373116459627,0.675417941045802,0.6438388099328876,21074592,96.53061224489797,99.29515418502203,63.17829457364341,94.65346534653465,92.66802443991853,28.475336322869953,33.40292275574113,68.57976653696498,86.34496919917865,12.289395441030724,"[[946, 1, 0, 10, 3, 0, 0, 1, 19, 0], [0, 1127, 0, 4, 0, 0, 0, 0, 4, 0], [15, 82, 652, 187, 29, 0, 0, 4, 63, 0], [0, 18, 7, 956, 4, 0, 0, 2, 22, 1], [3, 28, 9, 4, 910, 0, 2, 0, 23, 3], [21, 65, 7, 372, 24, 254, 0, 0, 148, 1], [95, 55, 86, 4, 230, 16, 320, 0, 152, 0], [5, 112, 38, 84, 52, 0, 0, 705, 25, 7], [4, 39, 2, 77, 10, 0, 0, 0, 841, 1], [16, 60, 3, 37, 670, 0, 0, 13, 86, 124]]"
6,72.85,0.7475168792108378,0.8281430169822684,0.7213345297679316,0.6856457444322636,23469432,96.12244897959184,96.91629955947137,79.55426356589147,87.32673267326733,87.88187372708758,22.6457399103139,72.96450939457203,78.59922178988327,97.63860369609856,1.6848364717542121,"[[942, 0, 1, 3, 2, 0, 1, 1, 30, 0], [0, 1100, 0, 2, 0, 0, 0, 0, 33, 0], [9, 16, 821, 18, 24, 0, 8, 4, 132, 0], [2, 16, 20, 882, 5, 0, 1, 2, 82, 0], [2, 12, 5, 0, 863, 0, 18, 2, 80, 0], [18, 29, 9, 177, 14, 202, 6, 1, 436, 0], [36, 22, 30, 2, 68, 2, 699, 0, 99, 0], [9, 43, 50, 23, 25, 0, 0, 808, 70, 0], [3, 3, 2, 10, 5, 0, 0, 0, 951, 0], [15, 18, 4, 10, 608, 0, 0, 47, 290, 17]]"
7,74.87,0.7130637017968363,0.8208725551547108,0.7429314260753082,0.7021112013375761,25864272,95.91836734693877,97.88546255506608,79.06976744186046,94.15841584158416,87.88187372708758,31.950672645739907,85.49060542797496,75.09727626459144,95.37987679671458,0.09910802775024777,"[[940, 1, 0, 8, 1, 0, 2, 1, 27, 0], [0, 1111, 0, 4, 0, 0, 2, 0, 18, 0], [9, 23, 816, 57, 20, 0, 15, 5, 87, 0], [0, 9, 13, 951, 3, 1, 1, 4, 28, 0], [2, 16, 9, 0, 863, 0, 27, 5, 60, 0], [21, 39, 9, 261, 14, 285, 14, 4, 245, 0], [25, 23, 19, 2, 26, 5, 819, 0, 39, 0], [8, 55, 46, 88, 21, 0, 0, 772, 38, 0], [2, 10, 3, 26, 4, 0, 0, 0, 929, 0], [10, 26, 13, 29, 626, 0, 0, 79, 225, 1]]"
8,76.09,0.7012509782188616,0.723418848634543,0.7555311266069168,0.7137142224319565,29217048,95.81632653061224,98.23788546255507,80.23255813953489,96.53465346534654,89.71486761710794,35.08968609865471,92.27557411273486,76.45914396887159,91.17043121149896,0.0,"[[939, 1, 2, 12, 0, 0, 6, 1, 19, 0], [0, 1115, 0, 4, 0, 0, 2, 0, 14, 0], [8, 18, 828, 85, 19, 0, 16, 6, 52, 0], [0, 6, 11, 975, 1, 0, 1, 5, 11, 0], [0, 10, 7, 4, 881, 0, 38, 9, 33, 0], [17, 41, 11, 324, 19, 313, 34, 4, 129, 0], [15, 13, 15, 3, 18, 3, 884, 0, 7, 0], [5, 37, 47, 122, 18, 0, 0, 786, 13, 0], [2, 13, 4, 59, 5, 0, 2, 1, 888, 0], [8, 22, 19, 54, 639, 0, 2, 164, 101, 0]]"
9,76.78,0.7116256439076445,0.7177541702983627,0.7628580074020468,0.7221418633683907,31611888,93.6734693877551,98.6784140969163,94.37984496124031,92.77227722772278,83.91038696537679,44.28251121076233,93.63256784968684,73.54085603112841,87.98767967145791,0.0,"[[918, 0, 26, 7, 0, 0, 18, 1, 10, 0], [0, 1120, 6, 2, 0, 0, 2, 0, 5, 0], [3, 10, 974, 11, 6, 0, 15, 3, 10, 0], [1, 7, 51, 937, 1, 1, 0, 4, 8, 0], [0, 14, 38, 7, 824, 0, 59, 8, 32, 0], [13, 44, 35, 261, 11, 395, 45, 2, 86, 0], [11, 7, 34, 1, 4, 1, 897, 0, 3, 0], [6, 51, 106, 89, 13, 0, 0, 756, 7, 0], [2, 17, 43, 44, 4, 0, 5, 2, 857, 0], [9, 29, 60, 73, 572, 0, 4, 173, 89, 0]]"
10,77.37,0.6308956157666045,0.8215769080443647,0.7688376014170909,0.731771212747349,34485696,90.71428571428571,98.14977973568281,95.83333333333334,92.47524752475248,81.67006109979633,47.869955156950674,92.69311064718163,79.96108949416343,87.88501026694045,1.5857284440039643,"[[889, 0, 48, 8, 0, 1, 22, 1, 11, 0], [0, 1114, 12, 2, 0, 0, 2, 0, 5, 0], [2, 5, 989, 10, 4, 0, 11, 5, 6, 0], [0, 3, 58, 934, 0, 1, 0, 6, 8, 0], [0, 10, 56, 17, 802, 0, 52, 12, 33, 0], [10, 38, 38, 252, 13, 427, 39, 4, 71, 0], [5, 6, 48, 1, 3, 3, 888, 0, 4, 0], [3, 29, 107, 57, 6, 0, 0, 822, 4, 0], [1, 9, 53, 42, 2, 0, 5, 6, 856, 0], [7, 19, 67, 104, 473, 0, 3, 258, 62, 16]]"
11,82.55,0.5022202515468811,0.8490641877301813,0.8217561819575951,0.8060973934184007,39275376,95.91836734693877,98.23788546255507,94.37984496124031,94.55445544554455,85.64154786150712,59.4170403587444,93.73695198329854,86.284046692607,88.80903490759754,24.777006937561943,"[[940, 0, 18, 4, 0, 1, 8, 1, 8, 0], [0, 1115, 7, 2, 0, 0, 2, 0, 9, 0], [6, 5, 974, 12, 4, 0, 15, 9, 7, 0], [1, 2, 35, 955, 0, 1, 0, 8, 8, 0], [1, 5, 26, 14, 841, 0, 46, 14, 24, 11], [15, 28, 26, 198, 11, 530, 36, 5, 43, 0], [12, 6, 27, 2, 3, 7, 898, 0, 3, 0], [4, 23, 79, 28, 6, 0, 0, 887, 1, 0], [5, 9, 29, 46, 2, 3, 6, 9, 865, 0], [12, 14, 41, 55, 342, 2, 1, 268, 24, 250]]"
12,86.42,0.4442836749858369,0.8713846069969954,0.8614246174398881,0.8568542728897818,42149184,97.44897959183673,97.18061674008811,91.66666666666666,95.94059405940594,81.67006109979633,67.60089686098655,95.82463465553236,88.32684824902724,93.63449691991786,52.130822596630324,"[[955, 0, 4, 3, 0, 1, 7, 1, 9, 0], [0, 1103, 2, 3, 0, 0, 4, 0, 23, 0], [8, 1, 946, 21, 3, 0, 21, 11, 20, 1], [1, 1, 19, 969, 0, 2, 1, 7, 10, 0], [2, 0, 15, 13, 802, 0, 55, 9, 34, 52], [15, 10, 11, 148, 9, 603, 40, 3, 52, 1], [15, 3, 8, 1, 2, 8, 918, 0, 3, 0], [5, 17, 56, 28, 8, 0, 0, 908, 5, 1], [5, 3, 5, 30, 2, 4, 5, 7, 912, 1], [19, 10, 28, 39, 184, 5, 3, 156, 39, 526]]"
13,87.94,0.4034900484374537,0.8856692797285373,0.8777394139919201,0.87388705128081,46938864,98.06122448979592,96.47577092511013,91.37596899224806,95.14851485148515,86.86354378818737,75.7847533632287,96.13778705636743,88.81322957198444,94.8665297741273,54.21209117938554,"[[961, 0, 3, 1, 0, 0, 5, 1, 9, 0], [0, 1095, 4, 3, 0, 0, 4, 0, 29, 0], [11, 1, 943, 20, 3, 0, 23, 12, 18, 1], [2, 0, 19, 961, 0, 8, 1, 8, 11, 0], [3, 0, 11, 4, 853, 0, 46, 3, 27, 35], [24, 7, 8, 85, 10, 676, 42, 3, 35, 2], [16, 2, 5, 1, 3, 7, 921, 0, 3, 0], [5, 14, 56, 18, 12, 0, 1, 913, 6, 3], [7, 1, 2, 17, 4, 5, 5, 8, 924, 1], [22, 10, 19, 22, 278, 6, 2, 69, 34, 547]]"
14,88.5,0.38092441265337385,0.8912773644816498,0.8838792590293358,0.8807353404528083,51728544,98.57142857142858,96.2114537444934,91.27906976744185,94.25742574257426,88.59470468431772,80.04484304932735,95.82463465553236,88.2295719844358,94.96919917864476,55.89692765113974,"[[966, 0, 1, 0, 0, 0, 3, 1, 9, 0], [0, 1092, 4, 3, 0, 0, 4, 0, 32, 0], [12, 1, 942, 15, 4, 0, 24, 11, 20, 3], [2, 0, 19, 952, 2, 14, 1, 6, 14, 0], [4, 1, 10, 1, 870, 1, 38, 1, 24, 32], [26, 3, 8, 55, 14, 714, 34, 5, 31, 2], [18, 2, 5, 1, 3, 8, 918, 0, 3, 0], [6, 15, 52, 13, 16, 0, 1, 907, 9, 9], [8, 1, 2, 14, 5, 5, 5, 8, 925, 1], [23, 9, 14, 11, 309, 7, 1, 38, 33, 564]]"
15,87.6,0.3665229803123794,0.8874598572922011,0.8750236978945282,0.8704598061974362,56518224,98.46938775510205,97.09251101321586,91.86046511627907,94.15841584158416,91.24236252545825,80.82959641255604,95.61586638830897,85.21400778210116,94.45585215605749,46.08523290386521,"[[965, 0, 2, 0, 0, 0, 3, 1, 9, 0], [0, 1102, 2, 3, 0, 0, 4, 0, 24, 0], [14, 3, 948, 11, 5, 0, 22, 9, 17, 3], [2, 0, 19, 951, 2, 15, 1, 5, 14, 1], [3, 1, 8, 1, 896, 1, 32, 1, 13, 26], [24, 7, 9, 48, 19, 721, 32, 5, 25, 2], [17, 2, 4, 1, 7, 8, 916, 0, 3, 0], [6, 22, 57, 12, 32, 0, 0, 876, 6, 17], [8, 3, 2, 13, 7, 6, 7, 5, 920, 3], [22, 9, 12, 10, 437, 6, 1, 23, 24, 465]]"
16,88.76,0.3526679829191476,0.895964489146397,0.8865330683086399,0.8843785390739255,61307904,98.26530612244898,97.62114537444934,92.24806201550388,94.85148514851485,91.95519348268839,81.16591928251121,96.03340292275574,83.65758754863813,94.04517453798768,56.68979187314173,"[[963, 0, 3, 0, 0, 0, 5, 1, 8, 0], [0, 1108, 2, 3, 0, 0, 3, 0, 19, 0], [11, 6, 952, 11, 5, 0, 22, 9, 13, 3], [1, 2, 19, 958, 2, 11, 2, 4, 10, 1], [2, 4, 7, 1, 903, 0, 26, 0, 9, 30], [15, 9, 9, 58, 18, 724, 32, 3, 22, 2], [13, 3, 4, 1, 8, 6, 920, 0, 3, 0], [5, 28, 56, 13, 35, 0, 0, 860, 5, 26], [7, 5, 3, 14, 8, 5, 7, 5, 916, 4], [17, 14, 11, 11, 345, 5, 0, 17, 17, 572]]"
17,88.2,0.3507337365954067,0.8944433069458894,0.880875533632987,0.8783422738514541,65139648,97.75510204081633,98.41409691629957,91.08527131782945,95.34653465346534,93.38085539714868,80.82959641255604,95.61586638830897,82.97665369649806,93.73716632443532,51.73439048562933,"[[958, 1, 2, 1, 0, 1, 6, 1, 10, 0], [0, 1117, 1, 3, 0, 0, 3, 0, 11, 0], [9, 17, 940, 16, 10, 0, 17, 9, 12, 2], [1, 3, 16, 963, 2, 9, 1, 4, 10, 1], [1, 7, 7, 1, 917, 0, 19, 0, 9, 21], [9, 13, 11, 62, 20, 721, 27, 3, 24, 2], [11, 4, 3, 1, 11, 8, 916, 0, 4, 0], [5, 37, 47, 16, 40, 0, 0, 853, 5, 25], [6, 12, 2, 15, 8, 5, 5, 4, 913, 4], [12, 18, 9, 13, 399, 5, 0, 14, 17, 522]]"
18,85.11,0.3811341509365807,0.8847725725437379,0.8502229114915562,0.8377629573927763,68013456,97.55102040816327,98.6784140969163,91.27906976744185,95.74257425742574,96.23217922606925,80.15695067264575,93.94572025052193,79.47470817120622,94.76386036960986,22.398414271555996,"[[956, 1, 2, 1, 0, 1, 7, 1, 11, 0], [0, 1120, 1, 2, 0, 0, 2, 0, 10, 0], [9, 19, 942, 16, 12, 0, 12, 8, 14, 0], [0, 4, 16, 967, 2, 5, 1, 3, 11, 1], [1, 6, 5, 1, 945, 0, 12, 0, 10, 2], [8, 15, 11, 69, 25, 715, 17, 1, 30, 1], [10, 6, 3, 1, 24, 10, 900, 0, 4, 0], [5, 53, 50, 15, 68, 0, 0, 817, 7, 13], [5, 11, 2, 13, 9, 5, 3, 2, 923, 1], [8, 24, 10, 13, 685, 4, 0, 12, 27, 226]]"
19,83.78,0.4141908377742234,0.8860993239570355,0.8372080618784098,0.8145135741181677,72803136,97.6530612244898,98.50220264317181,93.5077519379845,95.64356435643563,96.94501018329939,81.39013452914799,93.31941544885177,76.9455252918288,95.17453798767967,8.126858275520316,"[[957, 0, 3, 0, 0, 2, 6, 1, 11, 0], [0, 1118, 1, 2, 0, 0, 2, 0, 12, 0], [7, 10, 965, 13, 13, 0, 8, 6, 10, 0], [0, 2, 18, 966, 2, 5, 1, 3, 12, 1], [1, 5, 11, 1, 952, 0, 6, 0, 6, 0], [8, 12, 13, 62, 27, 726, 13, 1, 29, 1], [10, 5, 3, 1, 30, 10, 894, 0, 5, 0], [4, 46, 63, 15, 101, 0, 0, 791, 7, 1], [5, 9, 2, 13, 10, 3, 2, 2, 927, 1], [7, 21, 11, 12, 828, 5, 0, 11, 32, 82]]"
20,83.47,0.4221073652799137,0.8851609215521222,0.8339389354886995,0.8080599476966794,76634880,97.44897959183673,98.06167400881057,93.8953488372093,95.34653465346534,97.86150712830958,79.7085201793722,93.0062630480167,79.28015564202335,94.96919917864476,4.360753221010902,"[[955, 0, 3, 0, 1, 2, 7, 1, 11, 0], [0, 1113, 1, 3, 0, 0, 2, 0, 16, 0], [6, 8, 969, 12, 13, 0, 8, 7, 9, 0], [0, 2, 20, 963, 3, 5, 1, 3, 12, 1], [0, 2, 10, 1, 961, 0, 3, 0, 5, 0], [7, 9, 13, 68, 35, 711, 17, 4, 28, 0], [9, 4, 6, 1, 35, 8, 891, 0, 4, 0], [3, 31, 66, 11, 95, 0, 0, 815, 6, 1], [4, 6, 3, 14, 13, 3, 2, 3, 925, 1], [6, 16, 11, 10, 877, 5, 0, 16, 24, 44]]"
21,84.33,0.4016620584617788,0.8901733242548138,0.8426582978650468,0.8155390965827427,79987656,97.75510204081633,97.88546255506608,94.28294573643412,94.25742574257426,97.65784114052953,81.61434977578476,93.52818371607515,85.01945525291829,96.09856262833677,4.558969276511397,"[[958, 0, 3, 0, 0, 2, 6, 1, 10, 0], [0, 1111, 1, 3, 0, 0, 2, 0, 18, 0], [6, 3, 973, 11, 13, 0, 7, 7, 12, 0], [0, 2, 24, 952, 3, 5, 1, 7, 16, 0], [0, 1, 10, 1, 959, 0, 4, 1, 6, 0], [8, 9, 13, 55, 27, 728, 17, 4, 30, 1], [9, 4, 6, 1, 31, 6, 896, 0, 5, 0], [4, 23, 61, 6, 55, 0, 0, 874, 5, 0], [6, 4, 3, 6, 10, 1, 2, 5, 936, 1], [8, 14, 12, 9, 859, 4, 0, 29, 28, 46]]"
22,84.92,0.39070464237429464,0.8905494839729966,0.8487513318703673,0.8208500307363022,84298368,98.06122448979592,97.09251101321586,94.28294573643412,93.76237623762376,97.25050916496944,82.95964125560538,94.258872651357,88.715953307393,96.81724845995893,5.550049554013875,"[[961, 0, 3, 0, 0, 1, 5, 1, 9, 0], [0, 1102, 2, 2, 0, 1, 2, 0, 26, 0], [8, 0, 973, 9, 10, 0, 9, 7, 16, 0], [1, 1, 26, 947, 2, 5, 1, 8, 19, 0], [1, 1, 10, 2, 955, 0, 4, 1, 8, 0], [10, 7, 13, 45, 16, 740, 17, 4, 39, 1], [10, 3, 6, 1, 25, 5, 903, 0, 5, 0], [4, 15, 56, 5, 31, 0, 0, 912, 5, 0], [6, 1, 2, 5, 8, 0, 2, 6, 943, 1], [13, 9, 11, 5, 814, 5, 0, 57, 39, 56]]"
23,85.14,0.3775712102889634,0.8848290949095142,0.8507983875677239,0.8227322760886114,88609080,98.26530612244898,96.47577092511013,94.76744186046511,94.15841584158416,95.82484725050917,81.50224215246637,94.67640918580375,90.46692607003891,97.22792607802874,7.433102081268583,"[[963, 0, 2, 0, 0, 1, 4, 1, 9, 0], [0, 1095, 4, 2, 0, 1, 2, 0, 31, 0], [7, 0, 978, 8, 7, 0, 9, 8, 15, 0], [1, 0, 25, 951, 1, 5, 1, 9, 17, 0], [3, 0, 11, 3, 941, 0, 6, 1, 16, 1], [13, 7, 12, 54, 9, 727, 16, 6, 47, 1], [11, 3, 6, 1, 20, 5, 907, 0, 5, 0], [4, 13, 55, 6, 14, 0, 0, 930, 6, 0], [7, 0, 2, 4, 3, 0, 3, 7, 947, 1], [16, 8, 11, 10, 720, 5, 0, 117, 47, 75]]"
24,87.63,0.3464040811926412,0.8933849961916327,0.8753813612217527,0.8648588386887367,93398760,98.46938775510205,95.68281938325991,94.57364341085271,94.55445544554455,93.58452138492872,79.93273542600897,95.72025052192068,91.24513618677042,97.22792607802874,34.39048562933598,"[[965, 0, 2, 0, 0, 0, 3, 1, 9, 0], [0, 1086, 4, 3, 0, 1, 3, 0, 38, 0], [8, 0, 976, 9, 7, 0, 9, 8, 15, 0], [1, 0, 23, 955, 0, 3, 1, 10, 17, 0], [4, 0, 9, 4, 919, 0, 9, 3, 30, 4], [18, 6, 12, 62, 6, 713, 15, 5, 54, 1], [12, 3, 6, 1, 9, 5, 917, 0, 5, 0], [4, 11, 52, 7, 8, 0, 0, 938, 8, 0], [7, 0, 2, 4, 3, 0, 3, 7, 947, 1], [19, 7, 15, 14, 397, 5, 0, 149, 56, 347]]"
25,89.19,0.3326636103395456,0.9013456814911297,0.8909369461061305,0.8856115587200806,97709472,98.16326530612245,96.2114537444934,94.76744186046511,95.04950495049505,91.44602851323829,81.83856502242153,95.72025052192068,91.24513618677042,97.5359342915811,48.9593657086224,"[[962, 0, 2, 0, 0, 2, 3, 1, 10, 0], [0, 1092, 3, 3, 0, 1, 2, 0, 34, 0], [7, 0, 978, 11, 6, 0, 9, 7, 14, 0], [1, 0, 20, 960, 0, 3, 1, 10, 15, 0], [4, 0, 10, 6, 898, 0, 11, 6, 36, 11], [16, 5, 11, 63, 4, 730, 15, 4, 43, 1], [12, 3, 6, 1, 9, 5, 917, 0, 5, 0], [4, 12, 52, 8, 7, 0, 0, 938, 7, 0], [7, 0, 3, 4, 1, 0, 3, 5, 950, 1], [18, 7, 15, 18, 232, 6, 0, 153, 66, 494]]"
26,90.53,0.3118641091861759,0.9089734477482473,0.9044364021844331,0.9021805593198857,101541216,98.26530612244898,96.65198237885463,94.86434108527132,95.64356435643563,86.86354378818737,85.08968609865471,96.03340292275574,91.05058365758755,97.5359342915811,62.43805748265609,"[[963, 0, 2, 0, 0, 2, 3, 1, 9, 0], [0, 1097, 2, 4, 0, 1, 2, 0, 29, 0], [7, 0, 979, 11, 4, 0, 10, 8, 12, 1], [0, 0, 19, 966, 0, 4, 1, 9, 11, 0], [7, 0, 11, 8, 853, 0, 15, 8, 40, 40], [11, 4, 10, 53, 2, 759, 17, 4, 31, 1], [10, 4, 7, 1, 6, 5, 920, 0, 5, 0], [4, 13, 52, 9, 5, 1, 0, 936, 7, 1], [7, 0, 2, 4, 1, 0, 3, 6, 950, 1], [21, 8, 16, 20, 112, 8, 0, 130, 64, 630]]"
27,91.46,0.28926038024381706,0.9160894789699296,0.9140104846974519,0.9121378446254284,104893992,98.36734693877551,97.44493392070484,95.25193798449612,96.03960396039604,87.4745417515275,89.34977578475336,95.72025052192068,91.24513618677042,96.71457905544148,66.402378592666,"[[964, 0, 2, 0, 0, 3, 3, 1, 7, 0], [0, 1106, 1, 3, 0, 1, 2, 0, 22, 0], [7, 1, 983, 12, 3, 0, 9, 8, 8, 1], [0, 0, 18, 970, 0, 7, 1, 9, 5, 0], [7, 1, 9, 7, 859, 1, 17, 8, 30, 43], [7, 3, 5, 41, 2, 797, 14, 4, 18, 1], [10, 5, 6, 1, 6, 9, 917, 0, 4, 0], [4, 13, 51, 10, 3, 3, 0, 938, 5, 1], [7, 1, 2, 8, 1, 2, 3, 7, 942, 1], [23, 9, 17, 20, 110, 10, 0, 120, 30, 670]]"
28,92.36,0.27105140834808733,0.923226023082603,0.9232373074804793,0.9220567076131474,108725736,97.85714285714285,97.97356828193833,95.15503875968993,95.64356435643563,86.25254582484725,92.9372197309417,96.03340292275574,90.6614785992218,95.99589322381931,74.72745292368683,"[[959, 0, 2, 0, 0, 7, 4, 1, 7, 0], [0, 1112, 1, 3, 0, 3, 2, 0, 14, 0], [6, 3, 982, 13, 2, 0, 11, 8, 6, 1], [0, 0, 17, 966, 0, 13, 1, 8, 5, 0], [6, 2, 8, 5, 847, 1, 25, 6, 26, 56], [6, 4, 3, 26, 2, 829, 10, 3, 8, 1], [10, 5, 4, 1, 4, 11, 920, 0, 3, 0], [4, 14, 53, 11, 3, 4, 0, 932, 3, 4], [6, 1, 3, 8, 1, 9, 4, 6, 935, 1], [21, 10, 13, 17, 86, 12, 0, 73, 23, 754]]"
29,92.88,0.2547542706500894,0.9279126103225469,0.9284223562921579,0.9276324793002774,112078512,97.85714285714285,98.23788546255507,94.76744186046511,95.64356435643563,84.928716904277,93.83408071748879,96.3465553235908,91.24513618677042,95.48254620123203,80.0792864222002,"[[959, 0, 2, 1, 0, 7, 4, 1, 6, 0], [0, 1115, 1, 3, 0, 3, 2, 0, 11, 0], [7, 4, 978, 14, 2, 1, 11, 8, 4, 3], [0, 0, 13, 966, 0, 17, 1, 8, 5, 0], [5, 3, 6, 3, 834, 1, 27, 4, 20, 79], [5, 4, 2, 24, 2, 837, 10, 3, 4, 1], [10, 5, 3, 1, 3, 10, 923, 0, 3, 0], [4, 17, 42, 11, 3, 4, 0, 938, 4, 5], [6, 2, 2, 9, 1, 10, 5, 7, 930, 2], [21, 10, 7, 14, 66, 13, 1, 56, 13, 808]]"
30,92.85,0.24754928990293995,0.9276616810982287,0.9281123984081612,0.9273830099820571,115910256,97.85714285714285,98.32599118942731,94.76744186046511,95.14851485148515,83.09572301425662,94.39461883408072,96.76409185803759,91.24513618677042,94.35318275154005,82.1605550049554,"[[959, 0, 2, 1, 0, 7, 5, 1, 5, 0], [0, 1116, 1, 3, 0, 3, 2, 0, 10, 0], [7, 3, 978, 12, 1, 1, 14, 9, 4, 3], [0, 0, 13, 961, 0, 22, 1, 8, 5, 0], [3, 3, 5, 3, 816, 1, 35, 4, 13, 99], [5, 3, 1, 21, 2, 842, 12, 3, 2, 1], [10, 5, 3, 0, 2, 9, 927, 0, 2, 0], [4, 17, 42, 11, 2, 4, 0, 938, 2, 8], [8, 3, 3, 10, 2, 12, 7, 7, 919, 3], [21, 10, 6, 14, 54, 13, 1, 50, 11, 829]]"
31,92.92,0.24513629652535954,0.9289083050539549,0.9287915916390395,0.9281280110129128,118305096,97.75510204081633,98.59030837004406,95.34883720930233,95.04950495049505,81.26272912423626,95.17937219730942,97.39039665970772,91.05058365758755,93.1211498973306,84.0436075322101,"[[958, 0, 1, 1, 0, 8, 6, 2, 4, 0], [0, 1119, 1, 3, 0, 3, 2, 0, 7, 0], [6, 6, 984, 12, 0, 1, 11, 7, 2, 3], [0, 1, 13, 960, 0, 23, 1, 8, 3, 1], [3, 5, 5, 3, 798, 1, 43, 4, 10, 110], [4, 4, 1, 17, 0, 849, 12, 3, 1, 1], [8, 5, 2, 0, 2, 7, 933, 0, 1, 0], [4, 18, 45, 8, 2, 5, 0, 936, 0, 10], [7, 5, 4, 12, 2, 18, 8, 7, 907, 4], [21, 11, 6, 14, 45, 13, 2, 42, 7, 848]]"
32,92.56,0.24408710205231232,0.9268266735106094,0.9249424772724361,0.9243641705854104,121657872,97.95918367346938,98.76651982378854,95.44573643410853,95.24752475247524,75.96741344195519,94.50672645739911,97.7035490605428,91.14785992217898,91.47843942505133,86.7195242814668,"[[960, 0, 2, 1, 0, 5, 8, 2, 2, 0], [0, 1121, 1, 3, 0, 2, 3, 0, 5, 0], [5, 5, 985, 12, 0, 0, 12, 8, 2, 3], [0, 1, 14, 962, 0, 20, 1, 8, 3, 1], [4, 6, 5, 2, 746, 1, 50, 5, 7, 156], [5, 4, 1, 19, 0, 843, 14, 4, 1, 1], [7, 5, 2, 1, 1, 5, 936, 0, 1, 0], [4, 18, 45, 7, 2, 4, 0, 937, 0, 11], [9, 11, 5, 13, 2, 15, 15, 7, 891, 6], [22, 11, 5, 13, 31, 11, 3, 35, 3, 875]]"
33,91.84,0.24638411528862322,0.9227560109277176,0.9173547227570247,0.9165862542751263,125489616,98.16326530612245,98.94273127753304,95.44573643410853,95.74257425742574,68.43177189409369,93.38565022421524,97.80793319415449,91.82879377431907,88.7063655030801,88.89990089197225,"[[962, 0, 2, 1, 0, 3, 9, 2, 1, 0], [0, 1123, 1, 3, 0, 2, 3, 0, 3, 0], [5, 6, 985, 11, 0, 0, 12, 9, 1, 3], [0, 1, 14, 967, 0, 13, 1, 9, 3, 2], [3, 5, 4, 2, 672, 1, 55, 5, 5, 230], [5, 4, 1, 25, 0, 833, 18, 4, 1, 1], [7, 5, 2, 1, 1, 4, 937, 0, 1, 0], [4, 17, 40, 6, 2, 4, 0, 944, 0, 11], [11, 13, 6, 19, 2, 16, 21, 8, 864, 14], [20, 10, 4, 13, 15, 10, 3, 34, 3, 897]]"
34,91.91,0.24160718198377676,0.9235185480761535,0.9178905849425532,0.9174686509215549,127884456,98.16326530612245,99.03083700440529,95.15503875968993,96.03960396039604,69.95926680244399,92.04035874439462,98.12108559498957,92.80155642023347,87.67967145790554,88.89990089197225,"[[962, 0, 2, 1, 0, 2, 10, 2, 1, 0], [0, 1124, 1, 3, 0, 2, 3, 0, 2, 0], [4, 7, 982, 11, 0, 0, 13, 11, 1, 3], [0, 1, 14, 970, 0, 9, 1, 10, 3, 2], [2, 5, 2, 1, 687, 1, 54, 5, 4, 221], [5, 5, 1, 29, 1, 821, 22, 5, 1, 2], [6, 5, 1, 0, 1, 4, 940, 0, 1, 0], [4, 18, 32, 4, 2, 3, 0, 954, 0, 11], [11, 17, 7, 19, 3, 13, 25, 8, 854, 17], [19, 10, 4, 12, 17, 9, 3, 35, 3, 897]]"
35,92.2,0.23585432739303516,0.9260053063599706,0.9205793758412384,0.9207427341218712,130758264,98.16326530612245,99.29515418502203,94.86434108527132,96.93069306930693,74.74541751527495,90.35874439461884,98.01670146137788,93.57976653696498,85.62628336755647,88.9990089197225,"[[962, 0, 2, 1, 0, 2, 10, 2, 1, 0], [0, 1127, 1, 3, 0, 1, 3, 0, 0, 0], [4, 8, 979, 11, 0, 0, 12, 15, 0, 3], [0, 1, 11, 979, 0, 3, 1, 10, 3, 2], [1, 5, 2, 1, 734, 0, 48, 4, 3, 184], [5, 7, 1, 40, 2, 806, 23, 5, 1, 2], [6, 5, 1, 0, 2, 4, 939, 0, 1, 0], [3, 16, 27, 4, 4, 0, 0, 962, 0, 12], [10, 27, 7, 21, 4, 11, 27, 10, 834, 23], [15, 9, 3, 12, 22, 8, 5, 35, 2, 898]]"
36,93.06,0.22563803849366906,0.9328016532269274,0.9291952518442923,0.9297255096180368,135068976,98.06122448979592,99.29515418502203,95.15503875968993,97.22772277227722,84.31771894093686,88.78923766816143,98.01670146137788,93.96887159533074,86.652977412731,87.71060455896928,"[[961, 1, 2, 1, 0, 0, 11, 2, 2, 0], [0, 1127, 1, 3, 0, 1, 3, 0, 0, 0], [4, 7, 982, 10, 0, 0, 11, 15, 0, 3], [0, 1, 11, 982, 0, 1, 1, 10, 1, 3], [1, 5, 2, 1, 828, 0, 39, 4, 2, 100], [5, 7, 2, 51, 3, 792, 23, 5, 1, 3], [6, 5, 1, 0, 2, 4, 939, 0, 1, 0], [3, 12, 27, 4, 6, 0, 0, 966, 0, 10], [7, 24, 9, 21, 6, 7, 22, 10, 844, 24], [11, 8, 3, 14, 44, 4, 3, 35, 2, 885]]"
37,93.41,0.21467018179809705,0.935673670241903,0.9327193020513554,0.9332636271508296,139858656,98.06122448979592,99.20704845814979,95.73643410852713,97.42574257425743,87.16904276985743,88.2286995515695,97.91231732776617,93.8715953307393,88.09034907597535,87.01684836471755,"[[961, 0, 2, 1, 0, 1, 10, 2, 3, 0], [0, 1126, 1, 3, 0, 1, 3, 0, 1, 0], [4, 4, 988, 10, 1, 0, 7, 14, 1, 3], [0, 0, 11, 984, 0, 1, 0, 10, 1, 3], [1, 2, 2, 1, 856, 0, 31, 4, 1, 84], [5, 7, 2, 55, 4, 787, 20, 5, 2, 5], [6, 5, 1, 0, 3, 4, 938, 0, 1, 0], [3, 12, 27, 4, 6, 0, 0, 965, 0, 11], [7, 19, 9, 18, 7, 5, 16, 10, 858, 25], [10, 8, 2, 14, 55, 4, 3, 34, 1, 878]]"
38,93.63,0.2051243311859453,0.9379409671499536,0.934833885256851,0.9354955745241105,144648336,98.06122448979592,99.11894273127754,96.02713178294574,97.52475247524752,88.79837067209776,86.65919282511211,97.59916492693111,92.99610894941634,90.04106776180699,88.00792864222002,"[[961, 0, 2, 1, 0, 1, 10, 2, 3, 0], [0, 1125, 1, 3, 0, 1, 3, 0, 2, 0], [4, 3, 991, 10, 2, 0, 5, 12, 2, 3], [0, 0, 10, 985, 0, 1, 0, 9, 3, 2], [2, 2, 2, 1, 872, 0, 25, 2, 2, 74], [5, 7, 2, 67, 4, 773, 19, 5, 3, 7], [7, 5, 2, 0, 4, 4, 935, 0, 1, 0], [3, 12, 29, 7, 6, 0, 0, 956, 0, 15], [6, 12, 8, 19, 8, 2, 10, 7, 877, 25], [11, 7, 2, 16, 53, 2, 1, 28, 1, 888]]"
39,93.91,0.19795152450355288,0.9403541557697542,0.9378208233094197,0.9383241959851171,148959048,98.36734693877551,98.85462555066078,96.51162790697676,97.42574257425743,92.05702647657841,87.21973094170403,97.18162839248434,92.80155642023347,91.37577002053389,86.02576808721506,"[[964, 0, 2, 1, 0, 1, 7, 2, 3, 0], [0, 1122, 2, 3, 0, 0, 2, 0, 6, 0], [4, 3, 996, 10, 2, 0, 4, 9, 2, 2], [0, 0, 11, 984, 0, 1, 0, 9, 3, 2], [1, 1, 2, 1, 904, 0, 19, 2, 2, 50], [5, 7, 2, 64, 5, 778, 17, 5, 4, 5], [8, 5, 2, 0, 7, 4, 931, 0, 1, 0], [3, 12, 31, 7, 6, 0, 0, 954, 0, 15], [6, 7, 8, 15, 9, 2, 9, 7, 890, 21], [11, 7, 2, 16, 74, 2, 1, 26, 2, 868]]"
40,94.12,0.19561567375311456,0.942684674414392,0.9400177681231607,0.940372142744911,152790792,98.67346938775509,98.76651982378854,96.89922480620154,97.92079207920791,94.70468431771894,87.21973094170403,96.76409185803759,92.31517509727627,92.71047227926078,84.0436075322101,"[[967, 0, 1, 0, 0, 1, 5, 1, 5, 0], [0, 1121, 1, 3, 0, 0, 2, 0, 8, 0], [4, 3, 1000, 9, 2, 0, 3, 8, 2, 1], [0, 0, 9, 989, 0, 1, 0, 8, 2, 1], [1, 1, 3, 1, 930, 0, 11, 1, 2, 32], [6, 7, 2, 64, 5, 778, 15, 5, 6, 4], [9, 5, 2, 1, 9, 3, 927, 0, 2, 0], [3, 11, 32, 12, 6, 0, 0, 949, 0, 15], [6, 5, 7, 15, 9, 2, 5, 5, 903, 17], [11, 7, 2, 16, 92, 3, 1, 26, 3, 848]]"
41,94.5,0.18809966362727146,0.9462003446783094,0.9439806768049156,0.9442873064509747,156622536,98.9795918367347,98.76651982378854,97.28682170542635,98.01980198019803,95.11201629327903,88.78923766816143,96.24217118997912,92.02334630350194,93.42915811088297,85.33201189296334,"[[970, 0, 1, 0, 0, 1, 3, 1, 4, 0], [0, 1121, 1, 3, 0, 0, 2, 0, 8, 0], [4, 3, 1004, 9, 1, 0, 3, 5, 2, 1], [0, 0, 8, 990, 0, 1, 0, 7, 3, 1], [2, 1, 3, 1, 934, 0, 10, 2, 2, 27], [7, 6, 1, 55, 4, 792, 11, 5, 7, 4], [9, 5, 2, 0, 13, 4, 922, 0, 3, 0], [3, 12, 33, 13, 6, 0, 0, 946, 0, 15], [8, 3, 6, 12, 9, 2, 4, 5, 910, 15], [12, 8, 1, 12, 86, 4, 0, 19, 6, 861]]"
42,94.76,0.17950180045570047,0.9486575622161497,0.9466689851695987,0.9470191289621412,159975312,98.9795918367347,98.6784140969163,97.28682170542635,98.11881188118812,95.21384928716904,89.79820627802691,95.51148225469728,92.02334630350194,93.94250513347022,87.11595639246778,"[[970, 0, 1, 0, 0, 1, 3, 1, 4, 0], [0, 1120, 2, 2, 0, 0, 2, 0, 9, 0], [4, 2, 1004, 9, 1, 0, 3, 5, 3, 1], [0, 0, 8, 991, 0, 1, 0, 6, 3, 1], [2, 1, 3, 1, 935, 0, 9, 2, 2, 27], [7, 5, 1, 46, 4, 801, 8, 5, 9, 6], [9, 5, 3, 0, 19, 4, 915, 0, 3, 0], [3, 12, 33, 13, 6, 0, 0, 946, 0, 15], [8, 2, 5, 11, 9, 1, 2, 5, 915, 16], [12, 8, 1, 11, 75, 4, 0, 12, 7, 879]]"
43,95.11,0.17227188340081764,0.9517224916102298,0.9504234339865901,0.9507026944287519,163328088,98.9795918367347,98.59030837004406,97.48062015503875,97.92079207920791,94.80651731160896,92.60089686098655,94.78079331941545,92.12062256809338,94.04517453798768,89.09811694747275,"[[970, 0, 1, 0, 0, 1, 3, 1, 4, 0], [0, 1119, 2, 2, 0, 0, 2, 0, 10, 0], [4, 1, 1006, 6, 1, 0, 2, 6, 5, 1], [0, 0, 8, 989, 0, 3, 0, 6, 3, 1], [2, 1, 3, 1, 931, 0, 7, 1, 2, 34], [7, 5, 1, 35, 1, 826, 6, 3, 5, 3], [11, 5, 3, 0, 22, 6, 908, 0, 3, 0], [3, 12, 31, 14, 5, 0, 0, 947, 0, 16], [9, 2, 5, 7, 9, 2, 2, 5, 916, 17], [12, 8, 1, 10, 58, 4, 0, 10, 7, 899]]"
44,95.36,0.16723887822308098,0.9539766126281396,0.9531337668774666,0.9532809257860736,166680864,99.08163265306122,98.59030837004406,97.38372093023256,97.72277227722772,94.90835030549898,94.50672645739911,94.67640918580375,92.21789883268482,94.35318275154005,89.69276511397423,"[[971, 0, 1, 0, 0, 1, 2, 1, 4, 0], [0, 1119, 2, 2, 0, 0, 2, 0, 10, 0], [4, 1, 1005, 7, 1, 0, 3, 4, 6, 1], [0, 0, 8, 987, 0, 4, 0, 6, 4, 1], [2, 1, 2, 1, 932, 0, 7, 1, 2, 34], [5, 3, 1, 26, 1, 843, 4, 2, 4, 3], [13, 5, 3, 0, 20, 7, 907, 0, 3, 0], [3, 13, 30, 13, 5, 0, 0, 948, 0, 16], [10, 1, 3, 6, 8, 4, 2, 5, 919, 16], [13, 8, 1, 9, 52, 4, 0, 9, 8, 905]]"
45,95.38,0.16399894470271592,0.9539487815614495,0.9534782922197108,0.9534741463925138,170991576,99.08163265306122,98.50220264317181,97.57751937984496,97.52475247524752,94.09368635437882,95.73991031390135,94.57202505219206,91.34241245136187,94.55852156057495,90.48562933597621,"[[971, 0, 1, 0, 0, 1, 2, 1, 4, 0], [0, 1118, 2, 2, 0, 0, 2, 0, 11, 0], [4, 1, 1007, 6, 0, 0, 3, 4, 6, 1], [0, 0, 8, 985, 0, 7, 0, 5, 4, 1], [3, 2, 3, 1, 924, 0, 9, 1, 2, 37], [5, 3, 1, 19, 1, 854, 3, 1, 2, 3], [13, 5, 3, 0, 18, 10, 906, 0, 3, 0], [3, 11, 33, 17, 4, 1, 0, 939, 0, 20], [10, 1, 4, 6, 7, 5, 2, 3, 921, 15], [12, 8, 1, 8, 42, 8, 0, 8, 9, 913]]"
46,95.44,0.16263206369175126,0.954473576094528,0.9541822105868782,0.9540783240047995,175781256,99.08163265306122,98.50220264317181,97.48062015503875,97.52475247524752,93.78818737270875,96.63677130044843,94.258872651357,90.6614785992218,94.96919917864476,91.2784935579782,"[[971, 0, 1, 0, 0, 1, 2, 1, 4, 0], [0, 1118, 2, 2, 0, 0, 2, 0, 11, 0], [4, 1, 1006, 6, 0, 0, 3, 3, 7, 2], [0, 0, 7, 985, 0, 8, 0, 5, 4, 1], [2, 3, 3, 1, 921, 0, 10, 2, 2, 38], [4, 3, 1, 16, 1, 862, 2, 1, 1, 1], [13, 5, 3, 0, 17, 13, 903, 0, 4, 0], [4, 12, 31, 20, 3, 3, 0, 932, 0, 23], [9, 1, 4, 6, 5, 5, 3, 3, 925, 13], [11, 8, 1, 8, 34, 10, 0, 7, 9, 921]]"
47,95.45,0.1654629996552254,0.954653857636548,0.9543880015588566,0.954179131018126,178176096,99.08163265306122,98.23788546255507,97.28682170542635,98.11881188118812,93.78818737270875,96.97309417040358,94.1544885177453,89.6887159533074,95.48254620123203,91.57581764122894,"[[971, 0, 1, 0, 0, 1, 2, 1, 4, 0], [0, 1115, 2, 2, 0, 1, 2, 0, 13, 0], [4, 1, 1004, 8, 0, 0, 3, 3, 7, 2], [0, 0, 5, 991, 0, 8, 0, 2, 3, 1], [2, 3, 2, 2, 921, 0, 11, 2, 2, 37], [4, 1, 1, 15, 0, 865, 2, 1, 2, 1], [13, 5, 3, 0, 16, 14, 902, 0, 5, 0], [4, 12, 32, 25, 3, 3, 0, 922, 0, 27], [8, 1, 3, 7, 4, 7, 2, 1, 930, 11], [11, 9, 1, 9, 28, 11, 0, 6, 10, 924]]"
48,95.51,0.1655408421073097,0.9551837119722595,0.9551138436590719,0.9547720420980405,182007840,98.87755102040816,98.14977973568281,97.18992248062015,98.11881188118812,94.5010183299389,97.30941704035875,94.57202505219206,89.39688715953308,96.61190965092402,90.38652130822597,"[[969, 0, 1, 0, 0, 1, 3, 1, 5, 0], [0, 1114, 2, 2, 0, 1, 2, 0, 14, 0], [4, 1, 1003, 8, 0, 0, 3, 3, 8, 2], [0, 0, 4, 991, 0, 9, 0, 2, 3, 1], [2, 4, 2, 2, 928, 0, 11, 1, 2, 30], [4, 1, 0, 13, 0, 868, 2, 1, 2, 1], [11, 5, 2, 0, 13, 16, 906, 0, 5, 0], [4, 11, 32, 29, 3, 3, 0, 919, 0, 27], [5, 2, 2, 6, 4, 6, 2, 0, 941, 6], [10, 10, 1, 9, 36, 13, 0, 6, 12, 912]]"
49,95.65,0.16532485515545733,0.9566270875496328,0.9566714598223423,0.9561769029693205,185839584,98.77551020408163,98.14977973568281,97.38372093023256,97.82178217821782,95.9266802443992,97.86995515695067,95.72025052192068,89.49416342412452,97.1252566735113,88.40436075322101,"[[968, 0, 1, 0, 0, 1, 4, 1, 5, 0], [0, 1114, 2, 2, 0, 1, 2, 0, 14, 0], [4, 1, 1005, 6, 0, 0, 3, 3, 8, 2], [0, 0, 5, 988, 0, 10, 0, 2, 4, 1], [2, 5, 2, 1, 942, 0, 12, 1, 2, 15], [3, 1, 0, 9, 0, 873, 2, 1, 2, 1], [9, 5, 1, 0, 8, 13, 917, 0, 5, 0], [4, 11, 33, 30, 3, 2, 0, 920, 1, 24], [4, 2, 2, 6, 4, 6, 2, 0, 946, 2], [10, 11, 2, 10, 49, 14, 0, 6, 15, 892]]"
50,95.57,0.1681997831434773,0.9561932260174792,0.955855659678158,0.9553618065277485,189192360,98.77551020408163,98.23788546255507,97.57751937984496,97.62376237623762,96.33401221995926,97.42152466367713,96.3465553235908,89.59143968871595,97.22792607802874,86.7195242814668,"[[968, 0, 1, 0, 0, 0, 4, 1, 6, 0], [0, 1115, 2, 2, 0, 0, 2, 0, 14, 0], [4, 1, 1007, 5, 0, 0, 3, 3, 8, 1], [0, 0, 7, 986, 0, 9, 0, 2, 6, 0], [2, 5, 2, 1, 946, 0, 14, 1, 4, 7], [3, 2, 0, 11, 0, 869, 2, 1, 4, 0], [8, 5, 1, 0, 8, 8, 923, 0, 5, 0], [4, 12, 36, 30, 3, 2, 0, 921, 2, 18], [4, 2, 2, 6, 4, 5, 2, 0, 947, 2], [11, 11, 2, 15, 57, 14, 0, 5, 19, 875]]"
51,95.15,0.17798425613072352,0.9526576421674001,0.9516487057398683,0.9509545953370117,192545136,98.57142857142858,98.23788546255507,97.67441860465115,97.72277227722772,96.43584521384929,96.74887892376681,96.65970772442589,89.49416342412452,97.84394250513347,82.25966303270566,"[[966, 0, 1, 0, 0, 0, 5, 1, 7, 0], [0, 1115, 2, 2, 0, 0, 2, 0, 14, 0], [4, 1, 1008, 5, 0, 0, 2, 3, 9, 0], [0, 0, 7, 987, 0, 8, 0, 2, 6, 0], [2, 5, 2, 1, 947, 0, 15, 0, 5, 5], [2, 2, 0, 13, 0, 863, 3, 1, 8, 0], [8, 5, 1, 0, 8, 6, 926, 0, 4, 0], [4, 14, 36, 33, 5, 2, 0, 920, 3, 11], [3, 2, 2, 4, 3, 3, 3, 0, 953, 1], [11, 11, 2, 20, 89, 15, 0, 7, 24, 830]]"
52,94.41,0.18899691805314903,0.9464929834188338,0.9442362760826839,0.9429709745707102,197334816,98.67346938775509,98.32599118942731,97.77131782945736,97.82178217821782,96.33401221995926,96.18834080717488,96.86847599164928,89.88326848249028,97.74127310061603,74.62834489593658,"[[967, 0, 1, 0, 0, 0, 5, 1, 6, 0], [0, 1116, 2, 2, 0, 0, 2, 0, 13, 0], [4, 1, 1009, 5, 0, 0, 2, 3, 8, 0], [0, 0, 7, 988, 0, 7, 0, 2, 6, 0], [1, 5, 2, 1, 946, 0, 20, 1, 3, 3], [3, 2, 0, 16, 0, 858, 4, 1, 8, 0], [8, 5, 1, 0, 7, 5, 928, 0, 4, 0], [4, 14, 35, 33, 5, 2, 0, 924, 4, 7], [3, 2, 2, 5, 4, 2, 3, 0, 952, 1], [11, 12, 3, 28, 146, 16, 1, 9, 30, 753]]"
53,93.83,0.19762830192241043,0.9418637276786608,0.9383618084849543,0.9366042102548817,201166560,98.57142857142858,98.59030837004406,97.77131782945736,98.11881188118812,96.02851323828921,95.51569506726457,97.07724425887265,90.07782101167315,97.43326488706366,69.17740336967294,"[[966, 0, 1, 0, 0, 0, 6, 1, 6, 0], [0, 1119, 2, 2, 0, 0, 2, 0, 10, 0], [4, 3, 1009, 5, 0, 0, 2, 3, 6, 0], [0, 0, 7, 991, 0, 5, 0, 2, 5, 0], [1, 6, 2, 1, 943, 0, 22, 1, 3, 3], [3, 4, 0, 22, 0, 852, 4, 1, 6, 0], [8, 5, 1, 0, 6, 4, 930, 0, 4, 0], [4, 15, 34, 32, 5, 2, 0, 926, 4, 6], [3, 2, 2, 9, 4, 1, 3, 0, 949, 1], [13, 12, 3, 40, 183, 14, 2, 17, 27, 698]]"
54,93.75,0.1963052802121106,0.9411662490766567,0.9373051932114087,0.9358455715973051,204040368,98.46938775510205,98.94273127753304,97.67441860465115,98.21782178217822,95.41751527494908,93.83408071748879,97.39039665970772,90.56420233463035,97.02258726899385,69.77205153617443,"[[965, 0, 2, 0, 0, 0, 6, 1, 6, 0], [0, 1123, 2, 2, 0, 0, 2, 0, 6, 0], [4, 5, 1008, 6, 0, 0, 2, 3, 4, 0], [0, 0, 6, 992, 0, 5, 0, 2, 5, 0], [1, 8, 2, 1, 937, 0, 26, 2, 2, 3], [6, 7, 0, 29, 0, 837, 6, 1, 6, 0], [8, 5, 1, 0, 4, 4, 933, 0, 3, 0], [4, 20, 30, 29, 5, 2, 0, 931, 4, 3], [4, 5, 2, 9, 4, 1, 3, 0, 945, 1], [14, 18, 3, 43, 171, 12, 2, 21, 21, 704]]"
55,94.48,0.18319839608078947,0.9472272730957186,0.9443829069347146,0.943662770871913,208351080,98.67346938775509,99.11894273127754,97.77131782945736,98.61386138613861,95.11201629327903,92.82511210762333,97.59916492693111,91.82879377431907,97.02258726899385,75.81764122893955,"[[967, 0, 2, 0, 0, 0, 5, 1, 5, 0], [0, 1125, 2, 1, 0, 0, 2, 0, 5, 0], [4, 5, 1009, 5, 0, 0, 2, 3, 4, 0], [0, 0, 6, 996, 0, 1, 0, 2, 5, 0], [2, 7, 2, 1, 934, 0, 26, 2, 5, 3], [6, 7, 0, 36, 0, 828, 8, 1, 6, 0], [8, 5, 1, 0, 3, 3, 935, 0, 3, 0], [4, 19, 26, 24, 5, 1, 0, 944, 4, 1], [5, 5, 2, 9, 2, 1, 3, 1, 945, 1], [14, 16, 2, 38, 112, 12, 2, 29, 19, 765]]"
56,95.16,0.16395684579512276,0.953158382027703,0.9508520112176404,0.9509321375898857,211703856,98.67346938775509,99.29515418502203,97.77131782945736,98.51485148514851,94.80651731160896,91.14349775784754,97.4947807933194,93.19066147859922,96.61190965092402,83.34985133795837,"[[967, 0, 2, 0, 0, 0, 5, 1, 5, 0], [0, 1127, 2, 1, 0, 0, 2, 0, 3, 0], [5, 5, 1009, 5, 0, 0, 2, 3, 3, 0], [0, 0, 5, 995, 0, 1, 0, 4, 5, 0], [3, 6, 2, 1, 931, 0, 24, 3, 5, 7], [7, 8, 1, 43, 0, 813, 9, 1, 10, 0], [8, 5, 1, 0, 4, 3, 934, 0, 3, 0], [4, 16, 23, 19, 3, 0, 0, 958, 1, 4], [8, 6, 2, 8, 2, 0, 3, 2, 941, 2], [13, 16, 2, 25, 62, 7, 2, 29, 12, 841]]"
57,95.39,0.15508614343623764,0.9555073725456322,0.9528739337235432,0.953274132668839,215056632,98.77551020408163,99.20704845814979,97.18992248062015,98.7128712871287,95.11201629327903,89.34977578475336,97.28601252609603,95.42801556420234,95.68788501026694,86.1248761149653,"[[968, 0, 2, 0, 0, 0, 5, 1, 4, 0], [0, 1126, 2, 1, 0, 0, 3, 0, 3, 0], [5, 5, 1003, 5, 0, 0, 2, 9, 2, 1], [0, 0, 3, 997, 0, 0, 0, 6, 3, 1], [3, 6, 2, 1, 934, 0, 20, 4, 2, 10], [7, 8, 1, 56, 1, 797, 10, 1, 11, 0], [10, 5, 1, 0, 6, 1, 932, 0, 3, 0], [3, 12, 17, 11, 1, 0, 0, 981, 1, 2], [9, 6, 2, 9, 4, 0, 4, 5, 932, 3], [14, 12, 2, 19, 44, 4, 1, 39, 5, 869]]"
58,95.52,0.1504872750800353,0.956657474152653,0.9541104771007166,0.954621016740351,217930440,99.18367346938776,99.29515418502203,96.70542635658916,98.41584158415841,95.31568228105907,89.46188340807176,96.97286012526096,96.69260700389106,94.45585215605749,87.61149653121902,"[[972, 0, 2, 0, 0, 0, 2, 1, 3, 0], [0, 1127, 2, 1, 0, 0, 3, 0, 2, 0], [7, 5, 998, 5, 0, 0, 2, 12, 2, 1], [0, 0, 3, 994, 0, 0, 0, 9, 3, 1], [3, 5, 1, 0, 936, 0, 14, 4, 2, 17], [12, 8, 1, 51, 1, 798, 10, 2, 8, 1], [12, 5, 1, 0, 6, 1, 929, 1, 3, 0], [3, 9, 12, 7, 1, 0, 0, 994, 0, 2], [11, 8, 2, 8, 5, 0, 4, 7, 920, 9], [13, 8, 1, 10, 35, 2, 1, 50, 5, 884]]"
59,95.59,0.1501005506767823,0.9574414011659138,0.9549785538988591,0.9555296432458708,220325280,99.18367346938776,99.38325991189427,96.22093023255815,97.92079207920791,95.31568228105907,91.59192825112108,96.5553235908142,97.568093385214,93.42915811088297,87.80971258671953,"[[972, 0, 1, 0, 0, 0, 2, 2, 3, 0], [0, 1128, 1, 1, 0, 0, 3, 0, 2, 0], [7, 6, 993, 5, 0, 0, 1, 18, 1, 1], [0, 0, 3, 989, 0, 1, 0, 13, 3, 1], [3, 2, 1, 0, 936, 0, 13, 4, 1, 22], [12, 8, 1, 36, 1, 817, 7, 5, 3, 2], [15, 5, 1, 0, 7, 1, 925, 1, 3, 0], [3, 7, 10, 3, 1, 0, 0, 1003, 0, 1], [13, 8, 2, 6, 5, 0, 5, 10, 910, 15], [14, 6, 1, 8, 30, 1, 0, 59, 4, 886]]"
60,95.62,0.14800828747367992,0.9576135584757572,0.9554775666457349,0.9559706549830128,224157024,99.28571428571429,99.11894273127754,96.12403100775194,97.52475247524752,95.21384928716904,93.49775784753363,96.3465553235908,97.66536964980544,92.1971252566735,88.50346878097126,"[[973, 0, 1, 0, 0, 0, 1, 2, 3, 0], [0, 1125, 2, 1, 0, 0, 3, 2, 2, 0], [7, 6, 992, 5, 0, 0, 1, 19, 1, 1], [0, 0, 5, 985, 0, 2, 0, 14, 2, 2], [3, 1, 1, 0, 935, 0, 10, 4, 1, 27], [12, 6, 0, 23, 1, 834, 7, 4, 2, 3], [17, 5, 1, 0, 7, 1, 923, 1, 3, 0], [3, 7, 9, 3, 1, 0, 0, 1004, 0, 1], [19, 6, 2, 6, 5, 1, 5, 10, 898, 22], [14, 6, 1, 7, 26, 2, 0, 58, 2, 893]]"
61,95.48,0.15295080101778047,0.956260799562062,0.9542907336459958,0.954599085019107,226551864,99.48979591836735,99.03083700440529,96.22093023255815,96.73267326732673,95.01018329938901,95.4035874439462,96.24217118997912,97.85992217898833,91.58110882956879,86.7195242814668,"[[975, 0, 0, 0, 0, 0, 0, 2, 3, 0], [0, 1124, 2, 1, 0, 0, 3, 2, 3, 0], [7, 3, 993, 5, 0, 0, 1, 20, 2, 1], [0, 0, 5, 977, 0, 6, 0, 17, 1, 4], [4, 0, 1, 0, 933, 0, 10, 5, 0, 29], [11, 5, 0, 13, 1, 851, 6, 1, 2, 2], [18, 4, 1, 0, 7, 3, 922, 1, 2, 0], [3, 6, 9, 3, 1, 0, 0, 1006, 0, 0], [19, 5, 3, 6, 5, 3, 5, 14, 892, 22], [14, 6, 1, 5, 24, 6, 0, 76, 2, 875]]"
62,95.32,0.1559779898028452,0.95495410869978,0.9528801241213835,0.9530362830684623,229425672,99.48979591836735,99.03083700440529,95.93023255813954,96.03960396039604,95.21384928716904,96.97309417040358,96.24217118997912,97.95719844357976,91.06776180698152,84.93557978196233,"[[975, 0, 0, 0, 0, 0, 0, 2, 3, 0], [0, 1124, 2, 1, 0, 1, 3, 2, 2, 0], [8, 4, 990, 5, 0, 0, 1, 22, 1, 1], [0, 0, 5, 970, 0, 12, 0, 18, 1, 4], [4, 0, 0, 0, 935, 0, 10, 5, 0, 28], [9, 3, 0, 8, 1, 865, 3, 1, 1, 1], [17, 4, 1, 0, 7, 4, 922, 1, 2, 0], [3, 5, 10, 3, 0, 0, 0, 1007, 0, 0], [20, 5, 3, 6, 7, 5, 5, 14, 887, 22], [15, 6, 1, 5, 25, 6, 0, 93, 1, 857]]"
63,95.49,0.15054617804019882,0.9561081951168923,0.9546282480262086,0.9546514497898937,234215352,99.48979591836735,99.03083700440529,96.31782945736434,95.74257425742574,95.11201629327903,97.6457399103139,96.13778705636743,97.85992217898833,91.06776180698152,86.22398414271557,"[[975, 0, 0, 0, 0, 0, 0, 2, 3, 0], [0, 1124, 2, 1, 0, 1, 3, 2, 2, 0], [7, 3, 994, 5, 0, 0, 1, 19, 2, 1], [0, 0, 6, 967, 0, 16, 0, 16, 1, 4], [3, 0, 0, 0, 934, 0, 10, 5, 0, 30], [8, 2, 0, 6, 0, 871, 2, 1, 1, 1], [17, 4, 1, 0, 7, 5, 921, 1, 2, 0], [3, 5, 11, 3, 0, 0, 0, 1006, 0, 0], [20, 4, 4, 6, 6, 8, 5, 13, 887, 21], [14, 6, 1, 6, 22, 8, 0, 80, 2, 870]]"
64,95.65,0.14272369962399856,0.957004330085307,0.956321462593252,0.9561586463616092,236610192,99.18367346938776,98.85462555066078,96.80232558139535,94.95049504950495,95.01018329938901,98.4304932735426,96.24217118997912,97.27626459143968,91.06776180698152,88.50346878097126,"[[972, 0, 1, 0, 0, 1, 2, 2, 2, 0], [0, 1122, 2, 1, 0, 1, 3, 2, 4, 0], [6, 3, 999, 4, 0, 0, 1, 16, 2, 1], [0, 0, 7, 959, 0, 25, 0, 15, 1, 3], [3, 0, 0, 0, 933, 0, 10, 4, 0, 32], [5, 0, 0, 4, 0, 878, 2, 1, 1, 1], [14, 4, 1, 0, 7, 6, 922, 1, 3, 0], [3, 5, 13, 3, 1, 0, 0, 1000, 0, 3], [18, 3, 4, 6, 6, 14, 4, 10, 887, 22], [14, 6, 1, 4, 20, 10, 0, 59, 2, 893]]"
65,96.04,0.13398889842005773,0.9604030114908895,0.9603205883643909,0.9600566070623048,239962968,98.9795918367347,98.59030837004406,97.38372093023256,94.45544554455445,94.90835030549898,98.65470852017937,96.24217118997912,97.08171206225681,93.73716632443532,90.28741328047572,"[[970, 0, 1, 0, 0, 1, 2, 3, 3, 0], [0, 1119, 2, 1, 0, 2, 3, 2, 6, 0], [6, 3, 1005, 3, 0, 0, 1, 11, 2, 1], [0, 0, 9, 954, 0, 30, 0, 13, 2, 2], [2, 0, 0, 0, 932, 0, 10, 3, 0, 35], [3, 0, 0, 4, 0, 880, 2, 1, 1, 1], [10, 4, 1, 0, 7, 11, 922, 0, 3, 0], [3, 5, 14, 3, 1, 0, 0, 998, 0, 4], [11, 1, 3, 4, 4, 12, 2, 8, 913, 16], [13, 6, 1, 4, 19, 12, 0, 39, 4, 911]]"
66,96.25,0.1278358787869493,0.9623534491208201,0.9624342121494465,0.9621830888388738,242357808,98.9795918367347,98.59030837004406,97.67441860465115,95.34653465346534,94.80651731160896,98.65470852017937,96.5553235908142,96.98443579766537,94.45585215605749,90.38652130822597,"[[970, 0, 1, 0, 0, 1, 2, 3, 3, 0], [0, 1119, 2, 1, 0, 2, 3, 1, 7, 0], [5, 3, 1008, 3, 0, 0, 1, 9, 2, 1], [0, 0, 9, 963, 0, 23, 0, 11, 3, 1], [2, 0, 2, 0, 931, 0, 10, 3, 1, 33], [2, 1, 0, 4, 0, 880, 2, 1, 1, 1], [8, 4, 1, 0, 7, 10, 925, 0, 3, 0], [3, 5, 14, 3, 1, 0, 0, 997, 0, 5], [8, 1, 3, 3, 4, 10, 2, 8, 920, 15], [12, 6, 1, 7, 20, 13, 0, 33, 5, 912]]"
67,96.52,0.12154812494310709,0.9649522478108054,0.9652061322360668,0.9649754674652591,246189552,98.57142857142858,98.50220264317181,98.06201550387597,95.84158415841584,95.21384928716904,98.76681614349776,96.97286012526096,96.01167315175097,95.68788501026694,91.57581764122894,"[[966, 0, 2, 0, 0, 1, 6, 2, 3, 0], [0, 1118, 2, 2, 0, 0, 3, 1, 9, 0], [4, 2, 1012, 2, 0, 0, 2, 6, 3, 1], [0, 0, 10, 968, 0, 18, 0, 10, 3, 1], [2, 0, 2, 0, 935, 0, 10, 3, 2, 28], [1, 1, 0, 4, 0, 881, 2, 1, 1, 1], [7, 3, 1, 0, 6, 8, 929, 0, 4, 0], [3, 5, 19, 5, 1, 0, 0, 987, 0, 8], [7, 1, 3, 3, 4, 6, 2, 7, 932, 9], [8, 6, 2, 7, 20, 11, 1, 23, 7, 924]]"
68,96.68,0.1171262325814214,0.966573334748162,0.9667871585545553,0.9666240833971342,250979232,98.36734693877551,98.32599118942731,98.44961240310077,96.83168316831683,95.41751527494908,98.20627802690582,97.07724425887265,95.03891050583657,96.40657084188912,92.66600594648166,"[[964, 0, 2, 0, 0, 1, 7, 2, 4, 0], [0, 1116, 2, 2, 0, 0, 3, 0, 12, 0], [1, 2, 1016, 2, 0, 0, 2, 4, 4, 1], [0, 0, 10, 978, 0, 11, 0, 7, 3, 1], [0, 0, 2, 0, 937, 0, 11, 2, 2, 28], [1, 1, 0, 9, 0, 876, 2, 1, 1, 1], [7, 3, 1, 0, 6, 7, 930, 0, 4, 0], [3, 6, 22, 6, 2, 1, 0, 977, 0, 11], [3, 0, 4, 3, 4, 6, 2, 6, 939, 7], [7, 6, 2, 7, 18, 10, 1, 16, 7, 935]]"
69,96.66,0.11848519133707396,0.9665505740856422,0.9665675107108974,0.9664642296398464,253374072,98.06122448979592,98.23788546255507,98.64341085271317,96.83168316831683,95.72301425661914,97.30941704035875,97.91231732776617,93.96887159533074,96.81724845995893,93.06243805748265,"[[961, 0, 3, 0, 0, 1, 9, 2, 4, 0], [0, 1115, 2, 2, 0, 0, 3, 0, 13, 0], [1, 1, 1018, 2, 0, 0, 2, 4, 3, 1], [0, 0, 12, 978, 0, 8, 0, 7, 4, 1], [0, 0, 2, 0, 940, 0, 14, 1, 2, 23], [1, 1, 0, 13, 0, 868, 5, 1, 2, 1], [3, 3, 1, 0, 5, 4, 938, 0, 4, 0], [2, 5, 32, 8, 2, 0, 0, 966, 0, 13], [3, 0, 4, 2, 4, 5, 2, 5, 943, 6], [6, 6, 3, 6, 19, 9, 1, 11, 9, 939]]"
70,96.63,0.12050272230677807,0.9664909470489238,0.9662378408120507,0.9661989139312481,257684784,98.06122448979592,98.23788546255507,98.93410852713178,96.93069306930693,95.9266802443992,96.74887892376681,98.32985386221294,93.28793774319067,96.81724845995893,92.9633300297324,"[[961, 0, 3, 0, 0, 1, 9, 2, 4, 0], [0, 1115, 2, 2, 0, 0, 3, 0, 13, 0], [1, 0, 1021, 2, 0, 0, 2, 3, 2, 1], [0, 0, 16, 979, 0, 5, 0, 5, 4, 1], [0, 0, 2, 0, 942, 0, 14, 0, 2, 22], [2, 1, 1, 15, 0, 863, 5, 1, 2, 2], [2, 3, 1, 0, 4, 3, 942, 0, 3, 0], [2, 6, 37, 7, 2, 0, 0, 959, 0, 15], [3, 0, 7, 2, 4, 4, 3, 3, 943, 5], [6, 6, 4, 6, 21, 8, 2, 9, 9, 938]]"
71,96.66,0.12154556265451942,0.9669342054795547,0.9664243526203563,0.966484711882498,261995496,97.75510204081633,98.23788546255507,98.93410852713178,97.42574257425743,96.33401221995926,95.62780269058297,98.53862212943632,93.48249027237354,97.1252566735113,92.9633300297324,"[[958, 0, 4, 0, 0, 1, 11, 2, 4, 0], [0, 1115, 2, 2, 0, 0, 3, 0, 13, 0], [0, 0, 1021, 2, 0, 0, 2, 3, 3, 1], [0, 0, 14, 984, 0, 3, 0, 5, 3, 1], [0, 0, 2, 0, 946, 0, 14, 0, 2, 18], [2, 2, 1, 21, 0, 853, 6, 1, 4, 2], [2, 3, 1, 0, 3, 3, 944, 0, 2, 0], [2, 6, 36, 7, 2, 0, 0, 961, 0, 14], [3, 0, 7, 2, 4, 1, 3, 3, 946, 5], [5, 6, 4, 9, 22, 6, 2, 9, 8, 938]]"
72,96.51,0.12486020486040142,0.9657103044740538,0.9647036382447315,0.9649115649067495,266785176,97.85714285714285,98.32599118942731,99.03100775193798,97.62376237623762,96.63951120162932,93.72197309417041,98.64300626304802,93.57976653696498,96.71457905544148,92.56689791873141,"[[959, 0, 5, 0, 0, 0, 10, 2, 4, 0], [0, 1116, 2, 2, 0, 0, 3, 0, 12, 0], [0, 0, 1022, 2, 0, 0, 1, 3, 3, 1], [0, 0, 14, 986, 0, 1, 0, 5, 3, 1], [0, 0, 2, 0, 949, 0, 14, 0, 2, 15], [3, 3, 1, 34, 0, 836, 7, 1, 5, 2], [1, 3, 1, 0, 3, 3, 945, 0, 2, 0], [2, 6, 37, 7, 3, 0, 0, 962, 0, 11], [4, 0, 8, 5, 4, 0, 3, 4, 942, 4], [6, 6, 4, 9, 27, 3, 2, 9, 9, 934]]"
73,96.49,0.12625134281349926,0.965645428616128,0.9643731903065694,0.9646510249119254,270137952,97.75510204081633,98.59030837004406,98.93410852713178,98.01980198019803,97.04684317718942,92.9372197309417,98.64300626304802,93.96887159533074,96.40657084188912,92.07135777998018,"[[958, 0, 5, 0, 0, 0, 11, 2, 4, 0], [0, 1119, 2, 2, 0, 0, 3, 0, 9, 0], [0, 1, 1021, 2, 0, 0, 1, 3, 3, 1], [0, 0, 13, 990, 0, 0, 0, 4, 2, 1], [0, 0, 2, 0, 953, 0, 13, 0, 2, 12], [3, 3, 1, 41, 0, 829, 7, 1, 5, 2], [1, 4, 1, 0, 2, 3, 945, 0, 2, 0], [1, 6, 34, 8, 3, 0, 0, 966, 0, 10], [4, 0, 8, 6, 5, 0, 4, 4, 939, 4], [5, 6, 5, 10, 34, 3, 1, 9, 7, 929]]"
74,96.36,0.12959901719226147,0.9645612061808292,0.9629865900270044,0.9632805181068333,273490728,97.75510204081633,99.11894273127754,98.83720930232558,97.92079207920791,97.65784114052953,92.82511210762333,98.53862212943632,94.94163424124513,95.99589322381931,89.39544103072349,"[[958, 0, 5, 0, 0, 0, 11, 2, 4, 0], [0, 1125, 2, 1, 0, 0, 2, 0, 5, 0], [0, 2, 1020, 3, 0, 0, 1, 3, 2, 1], [0, 0, 13, 989, 0, 0, 0, 5, 2, 1], [0, 0, 3, 0, 959, 0, 12, 0, 2, 6], [3, 5, 1, 42, 0, 828, 6, 1, 4, 2], [1, 5, 2, 0, 2, 3, 944, 0, 1, 0], [1, 8, 25, 8, 3, 0, 0, 976, 0, 7], [4, 2, 9, 7, 5, 0, 4, 4, 935, 4], [5, 7, 6, 12, 54, 4, 1, 13, 5, 902]]"
75,96.3,0.13474685846033474,0.9641107125372912,0.9624016823245409,0.9626302926366714,278280408,97.75510204081633,99.38325991189427,98.74031007751938,98.31683168316832,97.9633401221996,93.38565022421524,98.43423799582463,95.42801556420234,95.48254620123203,87.51238850346878,"[[958, 0, 5, 0, 0, 0, 11, 2, 4, 0], [0, 1128, 1, 1, 0, 0, 2, 0, 3, 0], [0, 4, 1019, 3, 0, 0, 1, 3, 1, 1], [0, 0, 9, 993, 0, 0, 0, 5, 2, 1], [0, 1, 2, 0, 962, 0, 12, 0, 2, 3], [2, 5, 1, 41, 0, 833, 6, 1, 2, 1], [1, 5, 2, 0, 3, 3, 943, 0, 1, 0], [1, 8, 22, 7, 3, 0, 0, 981, 0, 6], [6, 4, 8, 9, 5, 0, 4, 4, 930, 4], [6, 8, 6, 13, 65, 5, 1, 17, 5, 883]]"
76,96.03,0.1372733250165138,0.9618686359780207,0.9597577405359908,0.9598161295472776,280675248,98.06122448979592,99.55947136563876,98.54651162790698,98.8118811881188,98.16700610997964,94.17040358744396,98.01670146137788,95.91439688715954,94.76386036960986,83.74628344895937,"[[961, 0, 5, 0, 0, 0, 8, 2, 4, 0], [0, 1130, 1, 1, 0, 0, 2, 0, 1, 0], [0, 6, 1017, 4, 0, 0, 1, 3, 0, 1], [0, 0, 3, 998, 0, 1, 0, 5, 2, 1], [0, 2, 2, 0, 964, 0, 10, 0, 2, 2], [2, 5, 0, 35, 1, 840, 6, 1, 1, 1], [4, 5, 2, 0, 4, 3, 939, 0, 1, 0], [1, 10, 17, 7, 4, 0, 0, 986, 0, 3], [5, 8, 7, 11, 5, 2, 4, 5, 923, 4], [6, 10, 5, 14, 93, 5, 1, 24, 6, 845]]"
77,95.92,0.13802019563524393,0.960854967692749,0.9588479975977,0.9586477038883638,283070088,98.36734693877551,99.55947136563876,97.96511627906976,98.61386138613861,97.86150712830958,95.51569506726457,98.01670146137788,96.49805447470817,95.37987679671458,81.07036669970267,"[[964, 0, 3, 0, 0, 0, 7, 2, 4, 0], [0, 1130, 1, 1, 0, 0, 2, 0, 1, 0], [1, 7, 1011, 4, 0, 0, 2, 6, 0, 1], [0, 0, 2, 996, 0, 3, 0, 6, 2, 1], [0, 3, 2, 0, 961, 0, 10, 2, 2, 2], [2, 5, 0, 24, 0, 852, 6, 1, 1, 1], [4, 6, 1, 0, 4, 3, 939, 0, 1, 0], [1, 10, 11, 9, 3, 0, 0, 992, 0, 2], [6, 9, 2, 7, 5, 2, 4, 6, 929, 4], [6, 12, 4, 12, 104, 6, 1, 39, 7, 818]]"
78,95.92,0.137650620701095,0.9608551557250561,0.958980651507032,0.9586643489394054,286422864,98.46938775510205,99.55947136563876,97.57751937984496,98.41584158415841,97.86150712830958,96.52466367713004,97.80793319415449,96.49805447470817,95.7905544147844,80.47571853320119,"[[965, 0, 2, 0, 0, 0, 7, 2, 4, 0], [0, 1130, 1, 1, 0, 0, 2, 0, 1, 0], [2, 8, 1007, 3, 0, 0, 2, 7, 2, 1], [0, 0, 2, 994, 0, 5, 0, 6, 2, 1], [0, 3, 2, 0, 961, 0, 10, 2, 2, 2], [2, 5, 0, 16, 0, 861, 5, 1, 1, 1], [5, 6, 1, 0, 4, 3, 937, 0, 2, 0], [1, 14, 9, 8, 3, 0, 0, 992, 0, 1], [6, 10, 2, 4, 5, 2, 4, 5, 933, 3], [7, 14, 3, 11, 104, 9, 1, 41, 7, 812]]"
79,95.78,0.14045921706865294,0.9596837567203842,0.9576435893150459,0.9571301127855764,288817704,98.57142857142858,99.55947136563876,97.09302325581395,98.31683168316832,97.9633401221996,96.8609865470852,97.4947807933194,96.88715953307393,96.30390143737166,78.59266600594648,"[[966, 0, 1, 0, 0, 0, 7, 2, 4, 0], [0, 1130, 1, 1, 0, 0, 2, 0, 1, 0], [3, 9, 1002, 4, 0, 0, 1, 10, 3, 0], [0, 0, 1, 993, 0, 6, 0, 6, 3, 1], [0, 3, 1, 0, 962, 0, 10, 2, 2, 2], [2, 5, 0, 15, 0, 864, 3, 1, 1, 1], [7, 6, 1, 0, 4, 4, 934, 0, 2, 0], [1, 14, 8, 7, 2, 0, 0, 996, 0, 0], [6, 8, 2, 3, 5, 2, 3, 6, 938, 1], [7, 16, 3, 12, 98, 11, 1, 59, 9, 793]]"
80,95.55,0.14679349969608335,0.9576199539456549,0.9554124736165358,0.9545040796110037,292170480,98.67346938775509,99.47136563876651,96.70542635658916,98.51485148514851,97.9633401221996,97.08520179372198,97.4947807933194,97.27626459143968,96.50924024640656,75.7185332011893,"[[967, 0, 1, 0, 0, 0, 6, 2, 4, 0], [0, 1129, 1, 1, 0, 0, 2, 0, 2, 0], [6, 8, 998, 4, 0, 0, 2, 11, 3, 0], [0, 0, 1, 995, 0, 6, 0, 6, 2, 0], [1, 3, 0, 0, 962, 0, 10, 2, 2, 2], [2, 4, 0, 16, 0, 866, 2, 1, 1, 0], [7, 5, 1, 0, 4, 4, 934, 0, 3, 0], [1, 11, 8, 8, 0, 0, 0, 1000, 0, 0], [6, 4, 2, 3, 5, 5, 1, 7, 940, 1], [11, 16, 1, 12, 100, 13, 1, 79, 12, 764]]"
81,95.11,0.15474019828326882,0.9539605613795148,0.9510588454583434,0.949832876239717,295523256,98.77551020408163,99.47136563876651,95.73643410852713,98.51485148514851,98.06517311608961,97.19730941704036,97.07724425887265,97.37354085603113,96.20123203285421,72.64618434093163,"[[968, 0, 1, 0, 0, 0, 5, 2, 4, 0], [0, 1129, 1, 1, 0, 0, 2, 0, 2, 0], [6, 8, 988, 10, 0, 0, 2, 16, 2, 0], [0, 0, 1, 995, 0, 6, 0, 6, 2, 0], [1, 3, 0, 0, 963, 0, 10, 2, 2, 1], [2, 3, 0, 16, 0, 867, 2, 1, 1, 0], [8, 5, 1, 0, 4, 7, 930, 0, 3, 0], [1, 11, 6, 9, 0, 0, 0, 1001, 0, 0], [8, 4, 2, 4, 4, 6, 1, 7, 937, 1], [12, 15, 1, 16, 99, 14, 1, 108, 10, 733]]"
82,95.36,0.15009347167306433,0.956055172033107,0.9535318587714045,0.9526262949142863,300312936,98.9795918367347,99.38325991189427,95.73643410852713,98.61386138613861,98.16700610997964,97.30941704035875,96.65970772442589,97.47081712062257,95.7905544147844,75.42120911793855,"[[970, 0, 1, 0, 0, 0, 4, 2, 3, 0], [0, 1128, 1, 1, 0, 0, 2, 0, 3, 0], [6, 7, 988, 11, 0, 0, 2, 16, 2, 0], [0, 0, 1, 996, 0, 5, 0, 6, 2, 0], [1, 2, 0, 0, 964, 0, 9, 2, 2, 2], [2, 2, 0, 16, 0, 868, 2, 1, 1, 0], [9, 5, 1, 0, 5, 8, 926, 0, 4, 0], [1, 10, 5, 10, 0, 0, 0, 1002, 0, 0], [10, 3, 2, 8, 4, 5, 1, 7, 933, 1], [13, 12, 1, 18, 72, 16, 0, 108, 8, 761]]"
83,95.87,0.14068686802642413,0.9605071653313392,0.958597470823287,0.9581466374935401,304623648,99.18367346938776,99.20704845814979,95.34883720930233,98.61386138613861,98.16700610997964,97.19730941704036,96.5553235908142,97.85992217898833,95.7905544147844,80.67393458870168,"[[972, 0, 0, 0, 0, 0, 2, 3, 3, 0], [0, 1126, 1, 1, 0, 0, 2, 1, 4, 0], [8, 5, 984, 13, 0, 0, 1, 18, 3, 0], [0, 0, 1, 996, 0, 5, 0, 6, 2, 0], [2, 1, 0, 0, 964, 0, 9, 2, 2, 2], [4, 2, 0, 15, 0, 867, 2, 1, 1, 0], [11, 5, 1, 0, 5, 7, 925, 0, 4, 0], [1, 6, 5, 10, 0, 0, 0, 1006, 0, 0], [11, 1, 2, 9, 4, 5, 1, 7, 933, 1], [14, 9, 0, 18, 47, 14, 0, 87, 6, 814]]"
84,96.47,0.12569413635248955,0.9653826987368082,0.9645661569359453,0.9643748272914877,309413328,99.18367346938776,98.85462555066078,96.02713178294574,98.61386138613861,97.86150712830958,97.19730941704036,96.5553235908142,97.76264591439688,95.7905544147844,86.7195242814668,"[[972, 0, 0, 0, 0, 0, 2, 3, 3, 0], [0, 1122, 1, 2, 0, 0, 3, 1, 6, 0], [8, 4, 991, 8, 0, 0, 1, 16, 3, 1], [0, 0, 1, 996, 0, 5, 0, 6, 2, 0], [2, 0, 0, 0, 961, 0, 8, 3, 2, 6], [5, 1, 0, 15, 0, 867, 2, 1, 1, 0], [12, 5, 1, 0, 5, 6, 925, 0, 4, 0], [1, 5, 7, 8, 0, 0, 0, 1005, 0, 2], [11, 1, 2, 10, 4, 5, 1, 5, 933, 2], [14, 7, 0, 15, 35, 12, 0, 45, 6, 875]]"
85,96.8,0.11583043217730409,0.9682022186173691,0.9678445180921591,0.9676870332726748,312766104,99.28571428571429,98.85462555066078,96.51162790697676,98.7128712871287,97.65784114052953,97.19730941704036,96.65970772442589,97.47081712062257,96.09856262833677,89.39544103072349,"[[973, 0, 1, 0, 0, 0, 2, 1, 3, 0], [0, 1122, 1, 2, 0, 0, 3, 1, 6, 0], [9, 2, 996, 5, 0, 0, 2, 13, 4, 1], [0, 0, 1, 997, 0, 5, 0, 5, 2, 0], [2, 0, 0, 0, 959, 0, 8, 2, 2, 9], [5, 1, 0, 14, 0, 867, 2, 1, 1, 1], [12, 5, 1, 0, 5, 5, 926, 0, 4, 0], [3, 4, 7, 9, 0, 0, 0, 1002, 0, 3], [11, 0, 2, 7, 4, 5, 1, 5, 936, 3], [14, 6, 0, 11, 32, 12, 0, 26, 6, 902]]"
86,97.0,0.10934028647149714,0.9699652803288368,0.9698841892053676,0.9697296456419979,315639912,99.18367346938776,98.76651982378854,97.09302325581395,98.61386138613861,97.45417515274949,97.30941704035875,97.39039665970772,96.88715953307393,96.30390143737166,90.8820614469772,"[[972, 0, 1, 0, 0, 0, 3, 1, 3, 0], [0, 1121, 1, 2, 1, 0, 3, 1, 6, 0], [9, 2, 1002, 4, 0, 0, 2, 8, 4, 1], [0, 0, 1, 996, 0, 6, 0, 4, 2, 1], [2, 0, 0, 0, 957, 0, 9, 2, 2, 10], [5, 1, 0, 13, 0, 868, 2, 1, 1, 1], [11, 4, 1, 0, 4, 2, 933, 0, 3, 0], [3, 3, 8, 10, 1, 0, 0, 996, 0, 7], [11, 0, 2, 5, 4, 5, 1, 5, 938, 3], [10, 6, 0, 8, 30, 11, 1, 17, 9, 917]]"
87,97.12,0.10653086430348527,0.9710896945487694,0.9710979932611903,0.9709271414739835,318992688,99.18367346938776,98.59030837004406,97.28682170542635,98.41584158415841,97.75967413441956,97.08520179372198,97.91231732776617,96.98443579766537,96.30390143737166,91.57581764122894,"[[972, 0, 1, 0, 0, 0, 3, 1, 3, 0], [0, 1119, 2, 2, 1, 0, 3, 1, 7, 0], [9, 1, 1004, 4, 0, 0, 2, 8, 3, 1], [0, 0, 2, 994, 0, 6, 0, 5, 2, 1], [2, 0, 0, 0, 960, 0, 10, 1, 1, 8], [6, 1, 0, 11, 0, 866, 5, 1, 1, 1], [10, 3, 1, 0, 2, 2, 938, 0, 2, 0], [3, 1, 8, 10, 1, 0, 0, 997, 0, 8], [11, 0, 2, 5, 4, 5, 1, 5, 938, 3], [10, 6, 0, 6, 30, 10, 1, 12, 10, 924]]"
88,97.14,0.10453170714989161,0.971245262189327,0.9713584194497246,0.9711645095310655,321387528,98.87755102040816,98.41409691629957,97.67441860465115,97.92079207920791,97.65784114052953,97.42152466367713,98.53862212943632,96.78988326848248,95.89322381930184,92.17046580773042,"[[969, 0, 1, 0, 0, 0, 6, 1, 3, 0], [0, 1117, 2, 2, 1, 0, 5, 1, 7, 0], [9, 1, 1008, 1, 0, 0, 2, 6, 4, 1], [0, 0, 6, 989, 0, 6, 0, 5, 3, 1], [1, 0, 0, 0, 959, 0, 12, 1, 1, 8], [6, 1, 0, 8, 0, 869, 5, 1, 1, 1], [8, 2, 1, 0, 2, 1, 944, 0, 0, 0], [3, 1, 11, 8, 1, 0, 0, 995, 1, 8], [11, 0, 3, 3, 4, 4, 7, 5, 934, 3], [9, 6, 0, 5, 30, 8, 1, 10, 10, 930]]"
89,97.08,0.10452472312024798,0.9706952414366864,0.9707092064161404,0.9705633595114718,324261336,98.67346938775509,98.59030837004406,98.25581395348837,97.52475247524752,97.45417515274949,97.08520179372198,98.64300626304802,96.01167315175097,96.20123203285421,92.26957383548068,"[[967, 0, 1, 0, 0, 0, 7, 2, 3, 0], [0, 1119, 2, 1, 1, 0, 5, 1, 6, 0], [8, 0, 1014, 1, 0, 0, 2, 4, 2, 1], [0, 0, 10, 985, 0, 6, 0, 5, 3, 1], [1, 0, 0, 0, 957, 0, 14, 1, 1, 8], [6, 1, 0, 9, 0, 866, 7, 1, 1, 1], [8, 2, 1, 0, 1, 1, 945, 0, 0, 0], [3, 3, 17, 7, 1, 0, 0, 987, 1, 9], [9, 0, 4, 2, 4, 3, 7, 5, 937, 3], [9, 6, 0, 5, 29, 8, 1, 10, 10, 931]]"
90,96.96,0.10713735731026997,0.9695755011645671,0.9694809364573664,0.9693592509552339,328093080,98.67346938775509,98.50220264317181,98.54651162790698,97.22772277227722,97.25050916496944,96.52466367713004,99.06054279749478,95.3307392996109,95.99589322381931,92.36868186323092,"[[967, 0, 1, 0, 0, 0, 7, 2, 3, 0], [0, 1118, 3, 1, 1, 0, 5, 1, 6, 0], [5, 0, 1017, 1, 0, 0, 2, 4, 2, 1], [0, 0, 13, 982, 0, 6, 0, 5, 3, 1], [0, 0, 0, 0, 955, 0, 17, 0, 2, 8], [6, 2, 1, 11, 0, 861, 7, 1, 2, 1], [4, 2, 1, 0, 1, 1, 949, 0, 0, 0], [3, 3, 23, 7, 1, 0, 0, 980, 1, 10], [9, 0, 4, 2, 4, 3, 10, 4, 935, 3], [8, 6, 1, 5, 27, 8, 3, 9, 10, 932]]"
91,96.89,0.11061878056643298,0.9690177682858281,0.9686799038531776,0.9686357872940745,330966888,98.57142857142858,99.03083700440529,98.93410852713178,97.02970297029702,96.94501018329939,96.0762331838565,99.37369519832986,94.55252918287937,95.99589322381931,92.17046580773042,"[[966, 0, 1, 0, 0, 0, 8, 2, 3, 0], [0, 1124, 2, 1, 0, 0, 3, 0, 5, 0], [4, 0, 1021, 0, 0, 0, 1, 3, 3, 0], [0, 0, 15, 980, 0, 6, 0, 5, 3, 1], [0, 0, 2, 0, 952, 0, 18, 0, 2, 8], [5, 2, 1, 13, 0, 857, 8, 1, 3, 2], [1, 2, 1, 0, 1, 1, 952, 0, 0, 0], [3, 7, 26, 8, 1, 0, 0, 972, 1, 10], [8, 1, 6, 2, 4, 2, 10, 3, 935, 3], [8, 6, 1, 7, 28, 8, 3, 9, 9, 930]]"
92,96.7,0.11463318452738916,0.9674339010247198,0.9666717563135971,0.9667372833594816,333840696,98.16326530612245,99.20704845814979,99.12790697674419,97.32673267326733,97.25050916496944,95.62780269058297,99.26931106471815,94.8443579766537,95.07186858316223,90.78295341922696,"[[962, 0, 3, 0, 0, 0, 10, 2, 3, 0], [0, 1126, 3, 1, 0, 0, 3, 0, 2, 0], [1, 0, 1023, 1, 0, 0, 1, 3, 3, 0], [0, 0, 15, 983, 0, 4, 0, 5, 2, 1], [0, 0, 2, 0, 955, 0, 16, 1, 1, 7], [5, 3, 1, 17, 0, 853, 7, 1, 3, 2], [1, 3, 1, 0, 1, 1, 951, 0, 0, 0], [3, 8, 26, 7, 1, 0, 0, 975, 1, 7], [8, 1, 10, 6, 4, 2, 10, 4, 926, 3], [7, 6, 3, 12, 40, 5, 1, 13, 6, 916]]"
93,96.74,0.11868862616725433,0.9680985956617503,0.9669571093855721,0.9671348243014067,337672440,98.06122448979592,99.38325991189427,99.12790697674419,97.82178217821782,97.75967413441956,95.06726457399103,99.16492693110646,95.8171206225681,94.76386036960986,89.99008919722498,"[[961, 0, 4, 0, 0, 0, 10, 2, 3, 0], [0, 1128, 2, 1, 0, 0, 2, 0, 2, 0], [1, 1, 1023, 1, 0, 0, 1, 3, 1, 1], [0, 0, 14, 988, 0, 1, 0, 5, 2, 0], [0, 1, 2, 0, 960, 0, 11, 1, 1, 6], [3, 4, 1, 24, 0, 848, 7, 1, 3, 1], [1, 3, 1, 0, 1, 2, 950, 0, 0, 0], [1, 7, 25, 6, 1, 0, 0, 985, 0, 3], [7, 4, 13, 7, 4, 2, 7, 4, 923, 3], [7, 6, 3, 14, 40, 5, 1, 19, 6, 908]]"
94,96.56,0.12314139890927857,0.9666091382170661,0.9650660922258038,0.9652964627227514,341504184,98.06122448979592,99.47136563876651,98.93410852713178,97.92079207920791,97.75967413441956,94.61883408071749,98.8517745302714,96.78988326848248,94.35318275154005,88.30525272547077,"[[961, 0, 5, 0, 0, 0, 9, 2, 3, 0], [0, 1129, 2, 1, 0, 0, 2, 0, 1, 0], [0, 3, 1021, 2, 0, 0, 1, 4, 0, 1], [0, 0, 13, 989, 0, 0, 0, 6, 2, 0], [0, 1, 2, 0, 960, 0, 10, 2, 1, 6], [3, 4, 1, 31, 0, 844, 7, 1, 1, 0], [1, 5, 1, 0, 2, 2, 947, 0, 0, 0], [1, 7, 20, 5, 0, 0, 0, 995, 0, 0], [6, 4, 12, 11, 4, 3, 6, 6, 919, 3], [7, 7, 3, 20, 39, 6, 1, 30, 5, 891]]"
95,96.61,0.12311231173848668,0.9671422486852104,0.965597707339375,0.9658134741744343,344377992,98.26530612244898,99.47136563876651,98.83720930232558,98.41584158415841,97.75967413441956,94.95515695067265,98.32985386221294,97.08171206225681,94.96919917864476,87.51238850346878,"[[963, 0, 5, 0, 0, 0, 6, 2, 4, 0], [0, 1129, 2, 1, 0, 0, 2, 0, 1, 0], [0, 4, 1020, 3, 0, 0, 0, 4, 0, 1], [0, 0, 8, 994, 0, 0, 0, 6, 2, 0], [0, 1, 2, 0, 960, 0, 9, 2, 1, 7], [2, 4, 1, 31, 0, 847, 5, 1, 1, 0], [3, 5, 1, 0, 3, 2, 942, 0, 2, 0], [1, 7, 18, 4, 0, 0, 0, 998, 0, 0], [6, 5, 10, 10, 4, 3, 2, 7, 925, 2], [7, 7, 3, 20, 37, 6, 1, 40, 5, 883]]"
96,96.68,0.12124517541854812,0.9678894503111802,0.9662855794449896,0.9665454676498418,349167672,98.26530612244898,99.55947136563876,98.44961240310077,98.51485148514851,97.75967413441956,94.95515695067265,98.01670146137788,97.568093385214,95.58521560574948,87.61149653121902,"[[963, 0, 5, 0, 0, 0, 6, 2, 4, 0], [0, 1130, 1, 1, 0, 0, 2, 0, 1, 0], [1, 5, 1016, 4, 0, 0, 0, 5, 0, 1], [0, 0, 7, 995, 0, 0, 0, 6, 2, 0], [0, 2, 1, 0, 960, 0, 8, 3, 1, 7], [2, 4, 0, 32, 0, 847, 5, 1, 1, 0], [4, 5, 1, 0, 3, 3, 939, 0, 3, 0], [0, 7, 13, 5, 0, 0, 0, 1003, 0, 0], [5, 6, 7, 9, 4, 2, 1, 7, 931, 2], [7, 8, 3, 19, 34, 5, 1, 43, 5, 884]]"
97,96.71,0.11659133199530954,0.9680849058717756,0.9666400423705579,0.966874760135212,352520448,98.36734693877551,99.55947136563876,97.96511627906976,98.51485148514851,97.65784114052953,95.51569506726457,97.18162839248434,97.66536964980544,96.30390143737166,87.90882061446978,"[[964, 0, 4, 0, 0, 0, 6, 2, 4, 0], [0, 1130, 1, 1, 0, 0, 2, 0, 1, 0], [1, 8, 1011, 4, 0, 0, 0, 7, 1, 0], [0, 0, 4, 995, 0, 3, 0, 6, 2, 0], [0, 3, 1, 0, 959, 0, 7, 3, 2, 7], [2, 4, 0, 29, 0, 852, 3, 1, 1, 0], [7, 6, 1, 0, 5, 4, 931, 0, 4, 0], [0, 8, 11, 5, 0, 0, 0, 1004, 0, 0], [6, 4, 3, 7, 4, 1, 1, 8, 938, 2], [7, 8, 2, 12, 33, 6, 1, 47, 6, 887]]"
98,96.77,0.11452876728551742,0.9684867790173197,0.967311616481027,0.9674492151521322,356831160,98.77551020408163,99.55947136563876,97.48062015503875,98.51485148514851,97.86150712830958,95.96412556053812,96.76409185803759,97.66536964980544,96.81724845995893,87.90882061446978,"[[968, 0, 1, 0, 0, 0, 4, 2, 5, 0], [0, 1130, 1, 1, 0, 0, 2, 0, 1, 0], [4, 6, 1006, 4, 0, 0, 0, 8, 4, 0], [0, 0, 3, 995, 0, 4, 0, 6, 2, 0], [0, 3, 1, 0, 961, 0, 7, 2, 2, 6], [2, 4, 0, 23, 0, 856, 3, 1, 2, 1], [7, 6, 1, 0, 6, 7, 927, 0, 4, 0], [0, 9, 10, 5, 0, 0, 0, 1004, 0, 0], [6, 3, 2, 4, 4, 1, 0, 7, 943, 4], [8, 9, 1, 11, 33, 6, 1, 47, 6, 887]]"
99,96.98,0.11382203081997629,0.9702741977016526,0.9694936034002218,0.9695841126293517,359226000,98.87755102040816,99.55947136563876,97.48062015503875,98.51485148514851,97.5560081466395,96.8609865470852,96.5553235908142,97.568093385214,97.1252566735113,89.39544103072349,"[[969, 0, 1, 0, 0, 0, 3, 2, 5, 0], [0, 1130, 1, 1, 0, 0, 1, 0, 2, 0], [4, 6, 1006, 4, 0, 0, 0, 7, 4, 1], [0, 0, 2, 995, 0, 5, 0, 5, 3, 0], [1, 3, 1, 0, 958, 0, 5, 2, 2, 10], [2, 2, 0, 18, 0, 864, 2, 1, 2, 1], [7, 6, 1, 0, 6, 9, 925, 0, 4, 0], [1, 9, 9, 6, 0, 0, 0, 1003, 0, 0], [6, 3, 2, 4, 4, 1, 0, 4, 946, 4], [8, 9, 0, 10, 24, 8, 1, 39, 8, 902]]"
100,96.93,0.11415381016977393,0.9697069502990949,0.9690007708094945,0.9690798122324817,362099808,98.9795918367347,99.55947136563876,97.09302325581395,98.41584158415841,97.35234215885947,97.08520179372198,95.82463465553236,97.37354085603113,97.22792607802874,90.08919722497522,"[[970, 0, 0, 0, 0, 0, 2, 3, 5, 0], [0, 1130, 1, 1, 0, 0, 1, 0, 2, 0], [5, 6, 1002, 5, 0, 0, 0, 8, 5, 1], [0, 0, 1, 994, 0, 6, 0, 5, 4, 0], [1, 3, 1, 0, 956, 0, 6, 2, 2, 11], [2, 2, 0, 16, 0, 866, 2, 1, 2, 1], [9, 6, 1, 0, 6, 13, 918, 0, 5, 0], [1, 9, 9, 6, 0, 0, 0, 1001, 0, 2], [7, 3, 2, 4, 3, 1, 0, 4, 947, 3], [9, 9, 0, 10, 16, 9, 0, 38, 9, 909]]"
